{"name":"shenmoshitiezhi2","title":"什么是贴纸2号","sticker_type":"regular","contains_masks":false,"stickers":[{"width":512,"height":386,"emoji":"⭐","set_name":"shenmoshitiezhi2","is_animated":false,"is_video":false,"type":"regular","thumbnail":{"file_id":"AAMCBQADFQABaJxIIrpT1PvJUi0DRGDLVIcSkaUAAmsjAAKQHglUfuQu_lw6ILQBAAdtAAM2BA","file_unique_id":"AQADayMAApAeCVRy","file_size":7112,"width":320,"height":241},"thumb":{"file_id":"AAMCBQADFQABaJxIIrpT1PvJUi0DRGDLVIcSkaUAAmsjAAKQHglUfuQu_lw6ILQBAAdtAAM2BA","file_unique_id":"AQADayMAApAeCVRy","file_size":7112,"width":320,"height":241},"file_id":"CAACAgUAAxUAAWicSCK6U9T7yVItA0Rgy1SHEpGlAAJrIwACkB4JVH7kLv5cOiC0NgQ","file_unique_id":"AgADayMAApAeCVQ","file_size":13094},{"width":487,"height":512,"emoji":"⭐","set_name":"shenmoshitiezhi2","is_animated":false,"is_video":false,"type":"regular","thumbnail":{"file_id":"AAMCBQADFQABaJxIIumsYAhYNl7-iwTAPXKeMfYAAgUKAALpsAhUhxsRxpp5E0QBAAdtAAM2BA","file_unique_id":"AQADBQoAAumwCFRy","file_size":5504,"width":304,"height":320},"thumb":{"file_id":"AAMCBQADFQABaJxIIumsYAhYNl7-iwTAPXKeMfYAAgUKAALpsAhUhxsRxpp5E0QBAAdtAAM2BA","file_unique_id":"AQADBQoAAumwCFRy","file_size":5504,"width":304,"height":320},"file_id":"CAACAgUAAxUAAWicSCLprGAIWDZe_osEwD1ynjH2AAIFCgAC6bAIVIcbEcaaeRNENgQ","file_unique_id":"AgADBQoAAumwCFQ","file_size":9342},{"width":512,"height":189,"emoji":"⭐","set_name":"shenmoshitiezhi2","is_animated":false,"is_video":false,"type":"regular","thumbnail":{"file_id":"AAMCBQADFQABaJxIIp7jNK9bs_0QynWKht0QvocAAk8HAAIy4AhUTgulhKMkTY0BAAdtAAM2BA","file_unique_id":"AQADTwcAAjLgCFRy","file_size":5324,"width":320,"height":118},"thumb":{"file_id":"AAMCBQADFQABaJxIIp7jNK9bs_0QynWKht0QvocAAk8HAAIy4AhUTgulhKMkTY0BAAdtAAM2BA","file_unique_id":"AQADTwcAAjLgCFRy","file_size":5324,"width":320,"height":118},"file_id":"CAACAgUAAxUAAWicSCKe4zSvW7P9EMp1iobdEL6HAAJPBwACMuAIVE4LpYSjJE2NNgQ","file_unique_id":"AgADTwcAAjLgCFQ","file_size":9814},{"width":512,"height":294,"emoji":"⭐","set_name":"shenmoshitiezhi2","is_animated":false,"is_video":false,"type":"regular","thumbnail":{"file_id":"AAMCBQADFQABaJxIIgYOz_0vFahb9bm6G8HrO2wAAmAGAAJleBFUVPJ6hvRdRAwBAAdtAAM2BA","file_unique_id":"AQADYAYAAmV4EVRy","file_size":2792,"width":320,"height":184},"thumb":{"file_id":"AAMCBQADFQABaJxIIgYOz_0vFahb9bm6G8HrO2wAAmAGAAJleBFUVPJ6hvRdRAwBAAdtAAM2BA","file_unique_id":"AQADYAYAAmV4EVRy","file_size":2792,"width":320,"height":184},"file_id":"CAACAgUAAxUAAWicSCIGDs_9LxWoW_W5uhvB6ztsAAJgBgACZXgRVFTyeob0XUQMNgQ","file_unique_id":"AgADYAYAAmV4EVQ","file_size":4516},{"width":512,"height":294,"emoji":"⭐","set_name":"shenmoshitiezhi2","is_animated":false,"is_video":false,"type":"regular","thumbnail":{"file_id":"AAMCBQADFQABaJxIIls-y8WYrFtyokTCEQswrh0AAi4GAAIY4xBUO49-EsWqYQMBAAdtAAM2BA","file_unique_id":"AQADLgYAAhjjEFRy","file_size":4576,"width":320,"height":184},"thumb":{"file_id":"AAMCBQADFQABaJxIIls-y8WYrFtyokTCEQswrh0AAi4GAAIY4xBUO49-EsWqYQMBAAdtAAM2BA","file_unique_id":"AQADLgYAAhjjEFRy","file_size":4576,"width":320,"height":184},"file_id":"CAACAgUAAxUAAWicSCJbPsvFmKxbcqJEwhELMK4dAAIuBgACGOMQVDuPfhLFqmEDNgQ","file_unique_id":"AgADLgYAAhjjEFQ","file_size":7596},{"width":512,"height":512,"emoji":"⭐","set_name":"shenmoshitiezhi2","is_animated":false,"is_video":false,"type":"regular","thumbnail":{"file_id":"AAMCBQADFQABaJxIIpFSxTV9q-wO6CgxTV5a45wAAm8FAAIyZhhUqqWoOHbGhTwBAAdtAAM2BA","file_unique_id":"AQADbwUAAjJmGFRy","file_size":4472,"width":320,"height":320},"thumb":{"file_id":"AAMCBQADFQABaJxIIpFSxTV9q-wO6CgxTV5a45wAAm8FAAIyZhhUqqWoOHbGhTwBAAdtAAM2BA","file_unique_id":"AQADbwUAAjJmGFRy","file_size":4472,"width":320,"height":320},"file_id":"CAACAgUAAxUAAWicSCKRUsU1favsDugoMU1eWuOcAAJvBQACMmYYVKqlqDh2xoU8NgQ","file_unique_id":"AgADbwUAAjJmGFQ","file_size":7270},{"width":393,"height":512,"emoji":"⭐","set_name":"shenmoshitiezhi2","is_animated":false,"is_video":false,"type":"regular","thumbnail":{"file_id":"AAMCBQADFQABaJxIIlABZDWox3BpiRdFG4gZaQIAAicHAAIk3RFUdcw-xXy139gBAAdtAAM2BA","file_unique_id":"AQADJwcAAiTdEVRy","file_size":8132,"width":246,"height":320},"thumb":{"file_id":"AAMCBQADFQABaJxIIlABZDWox3BpiRdFG4gZaQIAAicHAAIk3RFUdcw-xXy139gBAAdtAAM2BA","file_unique_id":"AQADJwcAAiTdEVRy","file_size":8132,"width":246,"height":320},"file_id":"CAACAgUAAxUAAWicSCJQAWQ1qMdwaYkXRRuIGWkCAAInBwACJN0RVHXMPsV8td_YNgQ","file_unique_id":"AgADJwcAAiTdEVQ","file_size":12792},{"width":461,"height":512,"emoji":"⭐","set_name":"shenmoshitiezhi2","is_animated":false,"is_video":false,"type":"regular","thumbnail":{"file_id":"AAMCBQADFQABaJxIIvfYq180tQABhrpO7XBo9rI3AAJYBQACpWMYVLb4lVTuyDULAQAHbQADNgQ","file_unique_id":"AQADWAUAAqVjGFRy","file_size":5468,"width":288,"height":320},"thumb":{"file_id":"AAMCBQADFQABaJxIIvfYq180tQABhrpO7XBo9rI3AAJYBQACpWMYVLb4lVTuyDULAQAHbQADNgQ","file_unique_id":"AQADWAUAAqVjGFRy","file_size":5468,"width":288,"height":320},"file_id":"CAACAgUAAxUAAWicSCL32KtfNLUAAYa6Tu1waPayNwACWAUAAqVjGFS2-JVU7sg1CzYE","file_unique_id":"AgADWAUAAqVjGFQ","file_size":8602},{"width":460,"height":512,"emoji":"⭐","set_name":"shenmoshitiezhi2","is_animated":false,"is_video":false,"type":"regular","thumbnail":{"file_id":"AAMCBQADFQABaJxIIq2aPwuHtS6uKaHjQju6JLMAAocGAALGdiBU8nsYyX2_kTABAAdtAAM2BA","file_unique_id":"AQADhwYAAsZ2IFRy","file_size":6360,"width":287,"height":320},"thumb":{"file_id":"AAMCBQADFQABaJxIIq2aPwuHtS6uKaHjQju6JLMAAocGAALGdiBU8nsYyX2_kTABAAdtAAM2BA","file_unique_id":"AQADhwYAAsZ2IFRy","file_size":6360,"width":287,"height":320},"file_id":"CAACAgUAAxUAAWicSCKtmj8Lh7Uurimh40I7uiSzAAKHBgACxnYgVPJ7GMl9v5EwNgQ","file_unique_id":"AgADhwYAAsZ2IFQ","file_size":9868},{"width":512,"height":512,"emoji":"⭐","set_name":"shenmoshitiezhi2","is_animated":false,"is_video":false,"type":"regular","thumbnail":{"file_id":"AAMCBQADFQABaJxIIhHB3eLEMGrem3AtKVpDVnMAAiYGAAJc4xhUy9LGBwuE5fQBAAdtAAM2BA","file_unique_id":"AQADJgYAAlzjGFRy","file_size":23574,"width":320,"height":320},"thumb":{"file_id":"AAMCBQADFQABaJxIIhHB3eLEMGrem3AtKVpDVnMAAiYGAAJc4xhUy9LGBwuE5fQBAAdtAAM2BA","file_unique_id":"AQADJgYAAlzjGFRy","file_size":23574,"width":320,"height":320},"file_id":"CAACAgUAAxUAAWicSCIRwd3ixDBq3ptwLSlaQ1ZzAAImBgACXOMYVMvSxgcLhOX0NgQ","file_unique_id":"AgADJgYAAlzjGFQ","file_size":38430},{"width":512,"height":512,"emoji":"⭐","set_name":"shenmoshitiezhi2","is_animated":false,"is_video":false,"type":"regular","thumbnail":{"file_id":"AAMCBQADFQABaJxIIutx11xKdtX0AAHIjJObVjK5AAIWBgACXkoYVK0h973NO2DeAQAHbQADNgQ","file_unique_id":"AQADFgYAAl5KGFRy","file_size":15122,"width":320,"height":320},"thumb":{"file_id":"AAMCBQADFQABaJxIIutx11xKdtX0AAHIjJObVjK5AAIWBgACXkoYVK0h973NO2DeAQAHbQADNgQ","file_unique_id":"AQADFgYAAl5KGFRy","file_size":15122,"width":320,"height":320},"file_id":"CAACAgUAAxUAAWicSCLrcddcSnbV9AAByIyTm1YyuQACFgYAAl5KGFStIfe9zTtg3jYE","file_unique_id":"AgADFgYAAl5KGFQ","file_size":25546},{"width":512,"height":423,"emoji":"⭐","set_name":"shenmoshitiezhi2","is_animated":false,"is_video":false,"type":"regular","thumbnail":{"file_id":"AAMCBQADFQABaJxIIqtEtqFfh2qySXNQ7yEj88QAAqIGAALnrSBUn4ExvY4KzVYBAAdtAAM2BA","file_unique_id":"AQADogYAAuetIFRy","file_size":5800,"width":320,"height":264},"thumb":{"file_id":"AAMCBQADFQABaJxIIqtEtqFfh2qySXNQ7yEj88QAAqIGAALnrSBUn4ExvY4KzVYBAAdtAAM2BA","file_unique_id":"AQADogYAAuetIFRy","file_size":5800,"width":320,"height":264},"file_id":"CAACAgUAAxUAAWicSCKrRLahX4dqsklzUO8hI_PEAAKiBgAC560gVJ-BMb2OCs1WNgQ","file_unique_id":"AgADogYAAuetIFQ","file_size":8676},{"width":512,"height":512,"emoji":"⭐","set_name":"shenmoshitiezhi2","is_animated":false,"is_video":false,"type":"regular","thumbnail":{"file_id":"AAMCBQADFQABaJxIIoZroxUhGAjfXuB5g52HUTgAAjMGAAJ4iBlUmxDsiUGtsAsBAAdtAAM2BA","file_unique_id":"AQADMwYAAniIGVRy","file_size":7376,"width":320,"height":320},"thumb":{"file_id":"AAMCBQADFQABaJxIIoZroxUhGAjfXuB5g52HUTgAAjMGAAJ4iBlUmxDsiUGtsAsBAAdtAAM2BA","file_unique_id":"AQADMwYAAniIGVRy","file_size":7376,"width":320,"height":320},"file_id":"CAACAgUAAxUAAWicSCKGa6MVIRgI317geYOdh1E4AAIzBgACeIgZVJsQ7IlBrbALNgQ","file_unique_id":"AgADMwYAAniIGVQ","file_size":12888},{"width":399,"height":512,"emoji":"⭐","set_name":"shenmoshitiezhi2","is_animated":false,"is_video":false,"type":"regular","thumbnail":{"file_id":"AAMCBQADFQABaJxIIkgSfKozWlUGRGOp7ckhB4QAAmMGAALRoRhUGxa_HhomFnoBAAdtAAM2BA","file_unique_id":"AQADYwYAAtGhGFRy","file_size":6664,"width":249,"height":320},"thumb":{"file_id":"AAMCBQADFQABaJxIIkgSfKozWlUGRGOp7ckhB4QAAmMGAALRoRhUGxa_HhomFnoBAAdtAAM2BA","file_unique_id":"AQADYwYAAtGhGFRy","file_size":6664,"width":249,"height":320},"file_id":"CAACAgUAAxUAAWicSCJIEnyqM1pVBkRjqe3JIQeEAAJjBgAC0aEYVBsWvx4aJhZ6NgQ","file_unique_id":"AgADYwYAAtGhGFQ","file_size":11164},{"width":512,"height":512,"emoji":"⭐","set_name":"shenmoshitiezhi2","is_animated":false,"is_video":false,"type":"regular","thumbnail":{"file_id":"AAMCBQADFQABaJxIIk1UaZfjUc9ze_YJoVZLJ7sAAmAHAAIOchhUVmgefCwBiOwBAAdtAAM2BA","file_unique_id":"AQADYAcAAg5yGFRy","file_size":16746,"width":320,"height":320},"thumb":{"file_id":"AAMCBQADFQABaJxIIk1UaZfjUc9ze_YJoVZLJ7sAAmAHAAIOchhUVmgefCwBiOwBAAdtAAM2BA","file_unique_id":"AQADYAcAAg5yGFRy","file_size":16746,"width":320,"height":320},"file_id":"CAACAgUAAxUAAWicSCJNVGmX41HPc3v2CaFWSye7AAJgBwACDnIYVFZoHnwsAYjsNgQ","file_unique_id":"AgADYAcAAg5yGFQ","file_size":29072},{"width":512,"height":512,"emoji":"⭐","set_name":"shenmoshitiezhi2","is_animated":false,"is_video":false,"type":"regular","thumbnail":{"file_id":"AAMCBQADFQABaJxIIr0Phqu1Gcf7L6e4yPblV5sAAq8GAAKa8BhUTpsLbbaBBdcBAAdtAAM2BA","file_unique_id":"AQADrwYAAprwGFRy","file_size":11006,"width":320,"height":320},"thumb":{"file_id":"AAMCBQADFQABaJxIIr0Phqu1Gcf7L6e4yPblV5sAAq8GAAKa8BhUTpsLbbaBBdcBAAdtAAM2BA","file_unique_id":"AQADrwYAAprwGFRy","file_size":11006,"width":320,"height":320},"file_id":"CAACAgUAAxUAAWicSCK9D4artRnH-y-nuMj25VebAAKvBgACmvAYVE6bC222gQXXNgQ","file_unique_id":"AgADrwYAAprwGFQ","file_size":18540},{"width":512,"height":470,"emoji":"⭐","set_name":"shenmoshitiezhi2","is_animated":false,"is_video":false,"type":"regular","thumbnail":{"file_id":"AAMCBQADFQABaJxIIhwThhRf4EcReeB7CrjjdycAArwGAAJCiBhUCWlf8LHyGZ8BAAdtAAM2BA","file_unique_id":"AQADvAYAAkKIGFRy","file_size":6050,"width":320,"height":294},"thumb":{"file_id":"AAMCBQADFQABaJxIIhwThhRf4EcReeB7CrjjdycAArwGAAJCiBhUCWlf8LHyGZ8BAAdtAAM2BA","file_unique_id":"AQADvAYAAkKIGFRy","file_size":6050,"width":320,"height":294},"file_id":"CAACAgUAAxUAAWicSCIcE4YUX-BHEXngewq443cnAAK8BgACQogYVAlpX_Cx8hmfNgQ","file_unique_id":"AgADvAYAAkKIGFQ","file_size":10334},{"width":512,"height":315,"emoji":"⭐","set_name":"shenmoshitiezhi2","is_animated":false,"is_video":false,"type":"regular","thumbnail":{"file_id":"AAMCBQADFQABaJxIIg-WLVmhdS0nCrRR-p7IOQQAAiUGAAJSuSlUdLkVE0zFtEEBAAdtAAM2BA","file_unique_id":"AQADJQYAAlK5KVRy","file_size":9046,"width":320,"height":197},"thumb":{"file_id":"AAMCBQADFQABaJxIIg-WLVmhdS0nCrRR-p7IOQQAAiUGAAJSuSlUdLkVE0zFtEEBAAdtAAM2BA","file_unique_id":"AQADJQYAAlK5KVRy","file_size":9046,"width":320,"height":197},"file_id":"CAACAgUAAxUAAWicSCIPli1ZoXUtJwq0UfqeyDkEAAIlBgACUrkpVHS5FRNMxbRBNgQ","file_unique_id":"AgADJQYAAlK5KVQ","file_size":14684},{"width":512,"height":512,"emoji":"⭐","set_name":"shenmoshitiezhi2","is_animated":false,"is_video":false,"type":"regular","thumbnail":{"file_id":"AAMCBQADFQABaJxIIke-m36qW0GDQ8f-GMkmU9QAAvIHAALLKSBUcP8QpcLjzgQBAAdtAAM2BA","file_unique_id":"AQAD8gcAAsspIFRy","file_size":8322,"width":320,"height":320},"thumb":{"file_id":"AAMCBQADFQABaJxIIke-m36qW0GDQ8f-GMkmU9QAAvIHAALLKSBUcP8QpcLjzgQBAAdtAAM2BA","file_unique_id":"AQAD8gcAAsspIFRy","file_size":8322,"width":320,"height":320},"file_id":"CAACAgUAAxUAAWicSCJHvpt-qltBg0PH_hjJJlPUAALyBwACyykgVHD_EKXC484ENgQ","file_unique_id":"AgAD8gcAAsspIFQ","file_size":13666},{"width":512,"height":512,"emoji":"⭐","set_name":"shenmoshitiezhi2","is_animated":false,"is_video":false,"type":"regular","thumbnail":{"file_id":"AAMCBQADFQABaJxIIkAOCIi_wGUw1POQjnYCXl4AAm0GAAL-qClUw29dU3QGYqEBAAdtAAM2BA","file_unique_id":"AQADbQYAAv6oKVRy","file_size":6822,"width":320,"height":320},"thumb":{"file_id":"AAMCBQADFQABaJxIIkAOCIi_wGUw1POQjnYCXl4AAm0GAAL-qClUw29dU3QGYqEBAAdtAAM2BA","file_unique_id":"AQADbQYAAv6oKVRy","file_size":6822,"width":320,"height":320},"file_id":"CAACAgUAAxUAAWicSCJADgiIv8BlMNTzkI52Al5eAAJtBgAC_qgpVMNvXVN0BmKhNgQ","file_unique_id":"AgADbQYAAv6oKVQ","file_size":11306},{"width":512,"height":512,"emoji":"⭐","set_name":"shenmoshitiezhi2","is_animated":false,"is_video":false,"type":"regular","thumbnail":{"file_id":"AAMCBQADFQABaJxIIpahi7xmIxsRp0ZupW-1YZsAAgUGAAIYySFUGy-uOF7s1X4BAAdtAAM2BA","file_unique_id":"AQADBQYAAhjJIVRy","file_size":5874,"width":320,"height":320},"thumb":{"file_id":"AAMCBQADFQABaJxIIpahi7xmIxsRp0ZupW-1YZsAAgUGAAIYySFUGy-uOF7s1X4BAAdtAAM2BA","file_unique_id":"AQADBQYAAhjJIVRy","file_size":5874,"width":320,"height":320},"file_id":"CAACAgUAAxUAAWicSCKWoYu8ZiMbEadGbqVvtWGbAAIFBgACGMkhVBsvrjhe7NV-NgQ","file_unique_id":"AgADBQYAAhjJIVQ","file_size":9296},{"width":512,"height":512,"emoji":"⭐","set_name":"shenmoshitiezhi2","is_animated":false,"is_video":false,"type":"regular","thumbnail":{"file_id":"AAMCBQADFQABaJxIImVhaQRyQYtqclYuaHD51MkAAlYHAALB5ChUWG6E-JQ1udkBAAdtAAM2BA","file_unique_id":"AQADVgcAAsHkKFRy","file_size":6896,"width":320,"height":320},"thumb":{"file_id":"AAMCBQADFQABaJxIImVhaQRyQYtqclYuaHD51MkAAlYHAALB5ChUWG6E-JQ1udkBAAdtAAM2BA","file_unique_id":"AQADVgcAAsHkKFRy","file_size":6896,"width":320,"height":320},"file_id":"CAACAgUAAxUAAWicSCJlYWkEckGLanJWLmhw-dTJAAJWBwACweQoVFhuhPiUNbnZNgQ","file_unique_id":"AgADVgcAAsHkKFQ","file_size":11302},{"width":512,"height":499,"emoji":"⭐","set_name":"shenmoshitiezhi2","is_animated":false,"is_video":false,"type":"regular","thumbnail":{"file_id":"AAMCBQADFQABaJxIIrcTzXicGxPZlt5oGhVAN6wAApoGAAKXMihUpKpX3sVdNTABAAdtAAM2BA","file_unique_id":"AQADmgYAApcyKFRy","file_size":12642,"width":320,"height":312},"thumb":{"file_id":"AAMCBQADFQABaJxIIrcTzXicGxPZlt5oGhVAN6wAApoGAAKXMihUpKpX3sVdNTABAAdtAAM2BA","file_unique_id":"AQADmgYAApcyKFRy","file_size":12642,"width":320,"height":312},"file_id":"CAACAgUAAxUAAWicSCK3E814nBsT2ZbeaBoVQDesAAKaBgAClzIoVKSqV97FXTUwNgQ","file_unique_id":"AgADmgYAApcyKFQ","file_size":20062},{"width":512,"height":499,"emoji":"⭐","set_name":"shenmoshitiezhi2","is_animated":false,"is_video":false,"type":"regular","thumbnail":{"file_id":"AAMCBQADFQABaJxIIjZsgHDuFpLWZlMioh5MArkAAk8HAAIgfCBUYnvssPNm4-0BAAdtAAM2BA","file_unique_id":"AQADTwcAAiB8IFRy","file_size":12818,"width":320,"height":312},"thumb":{"file_id":"AAMCBQADFQABaJxIIjZsgHDuFpLWZlMioh5MArkAAk8HAAIgfCBUYnvssPNm4-0BAAdtAAM2BA","file_unique_id":"AQADTwcAAiB8IFRy","file_size":12818,"width":320,"height":312},"file_id":"CAACAgUAAxUAAWicSCI2bIBw7haS1mZTIqIeTAK5AAJPBwACIHwgVGJ77LDzZuPtNgQ","file_unique_id":"AgADTwcAAiB8IFQ","file_size":19920},{"width":512,"height":512,"emoji":"⭐","set_name":"shenmoshitiezhi2","is_animated":false,"is_video":false,"type":"regular","thumbnail":{"file_id":"AAMCBQADFQABaJxIIufCYkkbzl5aLwNNHasJjDUAAq8GAALTnihUBJrTEYWs9OYBAAdtAAM2BA","file_unique_id":"AQADrwYAAtOeKFRy","file_size":4586,"width":320,"height":320},"thumb":{"file_id":"AAMCBQADFQABaJxIIufCYkkbzl5aLwNNHasJjDUAAq8GAALTnihUBJrTEYWs9OYBAAdtAAM2BA","file_unique_id":"AQADrwYAAtOeKFRy","file_size":4586,"width":320,"height":320},"file_id":"CAACAgUAAxUAAWicSCLnwmJJG85eWi8DTR2rCYw1AAKvBgAC054oVASa0xGFrPTmNgQ","file_unique_id":"AgADrwYAAtOeKFQ","file_size":7480},{"width":512,"height":512,"emoji":"⭐","set_name":"shenmoshitiezhi2","is_animated":false,"is_video":false,"type":"regular","thumbnail":{"file_id":"AAMCBQADFQABaJxIIiUBEdT3u1vQXPSoX6sM1d4AAv0KAALNTClU-s-YyEhP-cwBAAdtAAM2BA","file_unique_id":"AQAD_QoAAs1MKVRy","file_size":17676,"width":320,"height":320},"thumb":{"file_id":"AAMCBQADFQABaJxIIiUBEdT3u1vQXPSoX6sM1d4AAv0KAALNTClU-s-YyEhP-cwBAAdtAAM2BA","file_unique_id":"AQAD_QoAAs1MKVRy","file_size":17676,"width":320,"height":320},"file_id":"CAACAgUAAxUAAWicSCIlARHU97tb0Fz0qF-rDNXeAAL9CgACzUwpVPrPmMhIT_nMNgQ","file_unique_id":"AgAD_QoAAs1MKVQ","file_size":31232},{"width":512,"height":512,"emoji":"⭐","set_name":"shenmoshitiezhi2","is_animated":false,"is_video":false,"type":"regular","thumbnail":{"file_id":"AAMCBQADFQABaJxIIr3c4hpfG7Up_IhAekMwbmgAAtAHAAKBMyhUGBcZQ5Ia1nYBAAdtAAM2BA","file_unique_id":"AQAD0AcAAoEzKFRy","file_size":14970,"width":320,"height":320},"thumb":{"file_id":"AAMCBQADFQABaJxIIr3c4hpfG7Up_IhAekMwbmgAAtAHAAKBMyhUGBcZQ5Ia1nYBAAdtAAM2BA","file_unique_id":"AQAD0AcAAoEzKFRy","file_size":14970,"width":320,"height":320},"file_id":"CAACAgUAAxUAAWicSCK93OIaXxu1KfyIQHpDMG5oAALQBwACgTMoVBgXGUOSGtZ2NgQ","file_unique_id":"AgAD0AcAAoEzKFQ","file_size":25894},{"width":512,"height":512,"emoji":"⭐","set_name":"shenmoshitiezhi2","is_animated":false,"is_video":false,"type":"regular","thumbnail":{"file_id":"AAMCBQADFQABaJxIIsfiEt_jVFeEibgLpmpo-6MAAkYGAALmWihUtFub_IvDKHIBAAdtAAM2BA","file_unique_id":"AQADRgYAAuZaKFRy","file_size":17358,"width":320,"height":320},"thumb":{"file_id":"AAMCBQADFQABaJxIIsfiEt_jVFeEibgLpmpo-6MAAkYGAALmWihUtFub_IvDKHIBAAdtAAM2BA","file_unique_id":"AQADRgYAAuZaKFRy","file_size":17358,"width":320,"height":320},"file_id":"CAACAgUAAxUAAWicSCLH4hLf41RXhIm4C6ZqaPujAAJGBgAC5looVLRbm_yLwyhyNgQ","file_unique_id":"AgADRgYAAuZaKFQ","file_size":30686},{"width":512,"height":512,"emoji":"⭐","set_name":"shenmoshitiezhi2","is_animated":false,"is_video":false,"type":"regular","thumbnail":{"file_id":"AAMCBQADGQEAAz5onEge8RgIlFn9qjEN6Vo6Hg6UjgACgAgAAsaNKVTuVcysnPh-3QEAB20AAzYE","file_unique_id":"AQADgAgAAsaNKVRy","file_size":14546,"width":320,"height":320},"thumb":{"file_id":"AAMCBQADGQEAAz5onEge8RgIlFn9qjEN6Vo6Hg6UjgACgAgAAsaNKVTuVcysnPh-3QEAB20AAzYE","file_unique_id":"AQADgAgAAsaNKVRy","file_size":14546,"width":320,"height":320},"file_id":"CAACAgUAAxkBAAM-aJxIHvEYCJRZ_aoxDelaOh4OlI4AAoAIAALGjSlU7lXMrJz4ft02BA","file_unique_id":"AgADgAgAAsaNKVQ","file_size":25766},{"width":512,"height":196,"emoji":"⭐","set_name":"shenmoshitiezhi2","is_animated":false,"is_video":false,"type":"regular","thumbnail":{"file_id":"AAMCBQADFQABaJxIIsYXLBzTaLBQXmKnRzOh8roAAugHAAKq_ihUvJcmAAHYHqu0AQAHbQADNgQ","file_unique_id":"AQAD6AcAAqr-KFRy","file_size":5502,"width":320,"height":122},"thumb":{"file_id":"AAMCBQADFQABaJxIIsYXLBzTaLBQXmKnRzOh8roAAugHAAKq_ihUvJcmAAHYHqu0AQAHbQADNgQ","file_unique_id":"AQAD6AcAAqr-KFRy","file_size":5502,"width":320,"height":122},"file_id":"CAACAgUAAxUAAWicSCLGFywc02iwUF5ip0czofK6AALoBwACqv4oVLyXJgAB2B6rtDYE","file_unique_id":"AgAD6AcAAqr-KFQ","file_size":9914},{"width":512,"height":512,"emoji":"⭐","set_name":"shenmoshitiezhi2","is_animated":false,"is_video":false,"type":"regular","thumbnail":{"file_id":"AAMCBQADFQABaJxIIlug3NDenW5tHE75GRB6aNYAAkMGAAKAmzBUAAEn9nGeJ-xYAQAHbQADNgQ","file_unique_id":"AQADQwYAAoCbMFRy","file_size":7200,"width":320,"height":320},"thumb":{"file_id":"AAMCBQADFQABaJxIIlug3NDenW5tHE75GRB6aNYAAkMGAAKAmzBUAAEn9nGeJ-xYAQAHbQADNgQ","file_unique_id":"AQADQwYAAoCbMFRy","file_size":7200,"width":320,"height":320},"file_id":"CAACAgUAAxUAAWicSCJboNzQ3p1ubRxO-RkQemjWAAJDBgACgJswVAABJ_ZxnifsWDYE","file_unique_id":"AgADQwYAAoCbMFQ","file_size":11926},{"width":512,"height":512,"emoji":"⭐","set_name":"shenmoshitiezhi2","is_animated":false,"is_video":false,"type":"regular","thumbnail":{"file_id":"AAMCBQADFQABaJxIIp3v8O3pRiqMlaAR7ly9LLgAAkwHAAKqRTBUDSwO6NpDrxoBAAdtAAM2BA","file_unique_id":"AQADTAcAAqpFMFRy","file_size":6668,"width":320,"height":320},"thumb":{"file_id":"AAMCBQADFQABaJxIIp3v8O3pRiqMlaAR7ly9LLgAAkwHAAKqRTBUDSwO6NpDrxoBAAdtAAM2BA","file_unique_id":"AQADTAcAAqpFMFRy","file_size":6668,"width":320,"height":320},"file_id":"CAACAgUAAxUAAWicSCKd7_Dt6UYqjJWgEe5cvSy4AAJMBwACqkUwVA0sDujaQ68aNgQ","file_unique_id":"AgADTAcAAqpFMFQ","file_size":12140},{"width":512,"height":512,"emoji":"⭐","set_name":"shenmoshitiezhi2","is_animated":false,"is_video":false,"type":"regular","thumbnail":{"file_id":"AAMCBQADFQABaJxIIo5623Cudk6EBbEVvBUjLvQAAiEIAAL3SDBUHqdXsk58LygBAAdtAAM2BA","file_unique_id":"AQADIQgAAvdIMFRy","file_size":8536,"width":320,"height":320},"thumb":{"file_id":"AAMCBQADFQABaJxIIo5623Cudk6EBbEVvBUjLvQAAiEIAAL3SDBUHqdXsk58LygBAAdtAAM2BA","file_unique_id":"AQADIQgAAvdIMFRy","file_size":8536,"width":320,"height":320},"file_id":"CAACAgUAAxUAAWicSCKOettwrnZOhAWxFbwVIy70AAIhCAAC90gwVB6nV7JOfC8oNgQ","file_unique_id":"AgADIQgAAvdIMFQ","file_size":14582},{"width":512,"height":512,"emoji":"⭐","set_name":"shenmoshitiezhi2","is_animated":false,"is_video":false,"type":"regular","thumbnail":{"file_id":"AAMCBQADFQABaJxIIsY4TU4gOzGI75WJ4xTm3QYAAnwGAAIH_zBUuAQuU7v8odABAAdtAAM2BA","file_unique_id":"AQADfAYAAgf_MFRy","file_size":6778,"width":320,"height":320},"thumb":{"file_id":"AAMCBQADFQABaJxIIsY4TU4gOzGI75WJ4xTm3QYAAnwGAAIH_zBUuAQuU7v8odABAAdtAAM2BA","file_unique_id":"AQADfAYAAgf_MFRy","file_size":6778,"width":320,"height":320},"file_id":"CAACAgUAAxUAAWicSCLGOE1OIDsxiO-VieMU5t0GAAJ8BgACB_8wVLgELlO7_KHQNgQ","file_unique_id":"AgADfAYAAgf_MFQ","file_size":11570},{"width":450,"height":512,"emoji":"⭐","set_name":"shenmoshitiezhi2","is_animated":false,"is_video":false,"type":"regular","thumbnail":{"file_id":"AAMCBQADFQABaJxIImDglNOUTLEmyhy3VaYGEpcAAvkGAAK2-zFUCf2ufg6YDDYBAAdtAAM2BA","file_unique_id":"AQAD-QYAArb7MVRy","file_size":10720,"width":281,"height":320},"thumb":{"file_id":"AAMCBQADFQABaJxIImDglNOUTLEmyhy3VaYGEpcAAvkGAAK2-zFUCf2ufg6YDDYBAAdtAAM2BA","file_unique_id":"AQAD-QYAArb7MVRy","file_size":10720,"width":281,"height":320},"file_id":"CAACAgUAAxUAAWicSCJg4JTTlEyxJsoct1WmBhKXAAL5BgACtvsxVAn9rn4OmAw2NgQ","file_unique_id":"AgAD-QYAArb7MVQ","file_size":19754},{"width":512,"height":404,"emoji":"⭐","set_name":"shenmoshitiezhi2","is_animated":false,"is_video":false,"type":"regular","thumbnail":{"file_id":"AAMCBQADFQABaJxIIk1ycHsTv0mVdbofSkTkjcwAAs0FAAJ_9zBUdFdO6M5cDBwBAAdtAAM2BA","file_unique_id":"AQADzQUAAn_3MFRy","file_size":5114,"width":320,"height":252},"thumb":{"file_id":"AAMCBQADFQABaJxIIk1ycHsTv0mVdbofSkTkjcwAAs0FAAJ_9zBUdFdO6M5cDBwBAAdtAAM2BA","file_unique_id":"AQADzQUAAn_3MFRy","file_size":5114,"width":320,"height":252},"file_id":"CAACAgUAAxUAAWicSCJNcnB7E79JlXW6H0pE5I3MAALNBQACf_cwVHRXTujOXAwcNgQ","file_unique_id":"AgADzQUAAn_3MFQ","file_size":7902},{"width":328,"height":512,"emoji":"⭐","set_name":"shenmoshitiezhi2","is_animated":false,"is_video":false,"type":"regular","thumbnail":{"file_id":"AAMCBQADFQABaJxIIquj6uma3GY4Gomn1MA_srUAAhQGAALFDilUOJc1I8wFmRoBAAdtAAM2BA","file_unique_id":"AQADFAYAAsUOKVRy","file_size":6568,"width":205,"height":320},"thumb":{"file_id":"AAMCBQADFQABaJxIIquj6uma3GY4Gomn1MA_srUAAhQGAALFDilUOJc1I8wFmRoBAAdtAAM2BA","file_unique_id":"AQADFAYAAsUOKVRy","file_size":6568,"width":205,"height":320},"file_id":"CAACAgUAAxUAAWicSCKro-rpmtxmOBqJp9TAP7K1AAIUBgACxQ4pVDiXNSPMBZkaNgQ","file_unique_id":"AgADFAYAAsUOKVQ","file_size":11580},{"width":512,"height":512,"emoji":"⭐","set_name":"shenmoshitiezhi2","is_animated":false,"is_video":false,"type":"regular","thumbnail":{"file_id":"AAMCBQADFQABaJxIIvTrdCaQRnoJnvSs82iF6G0AAgcGAAJYsjFUGGI4yaOIpccBAAdtAAM2BA","file_unique_id":"AQADBwYAAliyMVRy","file_size":11546,"width":320,"height":320},"thumb":{"file_id":"AAMCBQADFQABaJxIIvTrdCaQRnoJnvSs82iF6G0AAgcGAAJYsjFUGGI4yaOIpccBAAdtAAM2BA","file_unique_id":"AQADBwYAAliyMVRy","file_size":11546,"width":320,"height":320},"file_id":"CAACAgUAAxUAAWicSCL063QmkEZ6CZ70rPNohehtAAIHBgACWLIxVBhiOMmjiKXHNgQ","file_unique_id":"AgADBwYAAliyMVQ","file_size":18710},{"width":512,"height":425,"emoji":"⭐","set_name":"shenmoshitiezhi2","is_animated":false,"is_video":false,"type":"regular","thumbnail":{"file_id":"AAMCBQADFQABaJxIIviS09Lz938CTGbzbL8WP9EAApMFAAKLrjBUptbULIsLqroBAAdtAAM2BA","file_unique_id":"AQADkwUAAouuMFRy","file_size":5892,"width":320,"height":266},"thumb":{"file_id":"AAMCBQADFQABaJxIIviS09Lz938CTGbzbL8WP9EAApMFAAKLrjBUptbULIsLqroBAAdtAAM2BA","file_unique_id":"AQADkwUAAouuMFRy","file_size":5892,"width":320,"height":266},"file_id":"CAACAgUAAxUAAWicSCL4ktPS8_d_Akxm82y_Fj_RAAKTBQACi64wVKbW1CyLC6q6NgQ","file_unique_id":"AgADkwUAAouuMFQ","file_size":9182},{"width":512,"height":512,"emoji":"⭐","set_name":"shenmoshitiezhi2","is_animated":false,"is_video":false,"type":"regular","thumbnail":{"file_id":"AAMCBQADFQABaJxIIsxXoCdWg6cRQREYFhcAAYI-AALlBgACmoowVFJOuJqeXM0kAQAHbQADNgQ","file_unique_id":"AQAD5QYAApqKMFRy","file_size":4620,"width":320,"height":320},"thumb":{"file_id":"AAMCBQADFQABaJxIIsxXoCdWg6cRQREYFhcAAYI-AALlBgACmoowVFJOuJqeXM0kAQAHbQADNgQ","file_unique_id":"AQAD5QYAApqKMFRy","file_size":4620,"width":320,"height":320},"file_id":"CAACAgUAAxUAAWicSCLMV6AnVoOnEUERGBYXAAGCPgAC5QYAApqKMFRSTrianlzNJDYE","file_unique_id":"AgAD5QYAApqKMFQ","file_size":7384},{"width":353,"height":512,"emoji":"⭐","set_name":"shenmoshitiezhi2","is_animated":false,"is_video":false,"type":"regular","thumbnail":{"file_id":"AAMCBQADFQABaJxIIkzqgH7QMvTMtdBXu1cRJK0AAjQHAALbFDBU8j1dXivYfnYBAAdtAAM2BA","file_unique_id":"AQADNAcAAtsUMFRy","file_size":4498,"width":221,"height":320},"thumb":{"file_id":"AAMCBQADFQABaJxIIkzqgH7QMvTMtdBXu1cRJK0AAjQHAALbFDBU8j1dXivYfnYBAAdtAAM2BA","file_unique_id":"AQADNAcAAtsUMFRy","file_size":4498,"width":221,"height":320},"file_id":"CAACAgUAAxUAAWicSCJM6oB-0DL0zLXQV7tXESStAAI0BwAC2xQwVPI9XV4r2H52NgQ","file_unique_id":"AgADNAcAAtsUMFQ","file_size":7296},{"width":405,"height":512,"emoji":"⭐","set_name":"shenmoshitiezhi2","is_animated":false,"is_video":false,"type":"regular","thumbnail":{"file_id":"AAMCBQADFQABaJxIIidnG8FB-luZXBbwsEYUGO0AAuMIAALm-ilUiKfIA_GR57kBAAdtAAM2BA","file_unique_id":"AQAD4wgAAub6KVRy","file_size":7274,"width":253,"height":320},"thumb":{"file_id":"AAMCBQADFQABaJxIIidnG8FB-luZXBbwsEYUGO0AAuMIAALm-ilUiKfIA_GR57kBAAdtAAM2BA","file_unique_id":"AQAD4wgAAub6KVRy","file_size":7274,"width":253,"height":320},"file_id":"CAACAgUAAxUAAWicSCInZxvBQfpbmVwW8LBGFBjtAALjCAAC5vopVIinyAPxkee5NgQ","file_unique_id":"AgAD4wgAAub6KVQ","file_size":11292},{"width":512,"height":502,"emoji":"⭐","set_name":"shenmoshitiezhi2","is_animated":false,"is_video":false,"type":"regular","thumbnail":{"file_id":"AAMCBQADFQABaJxIInakwvCiPbkPp1R8dNwg6roAAkEIAAJwEilUsceS_zXPiTwBAAdtAAM2BA","file_unique_id":"AQADQQgAAnASKVRy","file_size":7008,"width":320,"height":314},"thumb":{"file_id":"AAMCBQADFQABaJxIInakwvCiPbkPp1R8dNwg6roAAkEIAAJwEilUsceS_zXPiTwBAAdtAAM2BA","file_unique_id":"AQADQQgAAnASKVRy","file_size":7008,"width":320,"height":314},"file_id":"CAACAgUAAxUAAWicSCJ2pMLwoj25D6dUfHTcIOq6AAJBCAACcBIpVLHHkv81z4k8NgQ","file_unique_id":"AgADQQgAAnASKVQ","file_size":10636},{"width":512,"height":418,"emoji":"⭐","set_name":"shenmoshitiezhi2","is_animated":false,"is_video":false,"type":"regular","thumbnail":{"file_id":"AAMCBQADFQABaJxIIl4xT18qWth8DETI6nD2i9gAAoAHAALMQzBUD3HUFYL2P0ABAAdtAAM2BA","file_unique_id":"AQADgAcAAsxDMFRy","file_size":3866,"width":320,"height":261},"thumb":{"file_id":"AAMCBQADFQABaJxIIl4xT18qWth8DETI6nD2i9gAAoAHAALMQzBUD3HUFYL2P0ABAAdtAAM2BA","file_unique_id":"AQADgAcAAsxDMFRy","file_size":3866,"width":320,"height":261},"file_id":"CAACAgUAAxUAAWicSCJeMU9fKlrYfAxEyOpw9ovYAAKABwACzEMwVA9x1BWC9j9ANgQ","file_unique_id":"AgADgAcAAsxDMFQ","file_size":6146},{"width":512,"height":507,"emoji":"⭐","set_name":"shenmoshitiezhi2","is_animated":false,"is_video":false,"type":"regular","thumbnail":{"file_id":"AAMCBQADFQABaJxIInr3r_dB3d6U9OlvFtO1Z8MAAi8GAAIMNDFUb-MFtVXKD8ABAAdtAAM2BA","file_unique_id":"AQADLwYAAgw0MVRy","file_size":13378,"width":320,"height":317},"thumb":{"file_id":"AAMCBQADFQABaJxIInr3r_dB3d6U9OlvFtO1Z8MAAi8GAAIMNDFUb-MFtVXKD8ABAAdtAAM2BA","file_unique_id":"AQADLwYAAgw0MVRy","file_size":13378,"width":320,"height":317},"file_id":"CAACAgUAAxUAAWicSCJ696_3Qd3elPTpbxbTtWfDAAIvBgACDDQxVG_jBbVVyg_ANgQ","file_unique_id":"AgADLwYAAgw0MVQ","file_size":21446},{"width":512,"height":512,"emoji":"⭐","set_name":"shenmoshitiezhi2","is_animated":false,"is_video":false,"type":"regular","thumbnail":{"file_id":"AAMCBQADFQABaJxIIiMMmoZeMONB9udqidDxSiQAApAGAAJuISlUuAWzqHGpxqQBAAdtAAM2BA","file_unique_id":"AQADkAYAAm4hKVRy","file_size":16978,"width":320,"height":320},"thumb":{"file_id":"AAMCBQADFQABaJxIIiMMmoZeMONB9udqidDxSiQAApAGAAJuISlUuAWzqHGpxqQBAAdtAAM2BA","file_unique_id":"AQADkAYAAm4hKVRy","file_size":16978,"width":320,"height":320},"file_id":"CAACAgUAAxUAAWicSCIjDJqGXjDjQfbnaonQ8UokAAKQBgACbiEpVLgFs6hxqcakNgQ","file_unique_id":"AgADkAYAAm4hKVQ","file_size":30558},{"width":512,"height":448,"emoji":"⭐","set_name":"shenmoshitiezhi2","is_animated":false,"is_video":false,"type":"regular","thumbnail":{"file_id":"AAMCBQADFQABaJxIIhCsIzFznQsIJE7WyedZ2DkAAsgFAAIL3EFUvx0rUTzTcMQBAAdtAAM2BA","file_unique_id":"AQADyAUAAgvcQVRy","file_size":8304,"width":320,"height":280},"thumb":{"file_id":"AAMCBQADFQABaJxIIhCsIzFznQsIJE7WyedZ2DkAAsgFAAIL3EFUvx0rUTzTcMQBAAdtAAM2BA","file_unique_id":"AQADyAUAAgvcQVRy","file_size":8304,"width":320,"height":280},"file_id":"CAACAgUAAxUAAWicSCIQrCMxc50LCCRO1snnWdg5AALIBQACC9xBVL8dK1E803DENgQ","file_unique_id":"AgADyAUAAgvcQVQ","file_size":14478},{"width":512,"height":512,"emoji":"⭐","set_name":"shenmoshitiezhi2","is_animated":false,"is_video":false,"type":"regular","thumbnail":{"file_id":"AAMCBQADFQABaJxIIr1ZUIuk0GhYNnQi-Gs_fQ0AAvIHAAIPfDlUi3zgJQ_sNi0BAAdtAAM2BA","file_unique_id":"AQAD8gcAAg98OVRy","file_size":13080,"width":320,"height":320},"thumb":{"file_id":"AAMCBQADFQABaJxIIr1ZUIuk0GhYNnQi-Gs_fQ0AAvIHAAIPfDlUi3zgJQ_sNi0BAAdtAAM2BA","file_unique_id":"AQAD8gcAAg98OVRy","file_size":13080,"width":320,"height":320},"file_id":"CAACAgUAAxUAAWicSCK9WVCLpNBoWDZ0IvhrP30NAALyBwACD3w5VIt84CUP7DYtNgQ","file_unique_id":"AgAD8gcAAg98OVQ","file_size":21722},{"width":512,"height":512,"emoji":"⭐","set_name":"shenmoshitiezhi2","is_animated":false,"is_video":false,"type":"regular","thumbnail":{"file_id":"AAMCBQADFQABaJxIIg7Cyk3fjD-hhQzqx98Y0VYAAhkGAAKFB0BUxPGlHvWP7RMBAAdtAAM2BA","file_unique_id":"AQADGQYAAoUHQFRy","file_size":4924,"width":320,"height":320},"thumb":{"file_id":"AAMCBQADFQABaJxIIg7Cyk3fjD-hhQzqx98Y0VYAAhkGAAKFB0BUxPGlHvWP7RMBAAdtAAM2BA","file_unique_id":"AQADGQYAAoUHQFRy","file_size":4924,"width":320,"height":320},"file_id":"CAACAgUAAxUAAWicSCIOwspN34w_oYUM6sffGNFWAAIZBgAChQdAVMTxpR71j-0TNgQ","file_unique_id":"AgADGQYAAoUHQFQ","file_size":7832},{"width":512,"height":489,"emoji":"⭐","set_name":"shenmoshitiezhi2","is_animated":false,"is_video":false,"type":"regular","thumbnail":{"file_id":"AAMCBQADFQABaJxIIsRJdZjdBM_Hbeyf88sPKKYAAiYHAAKWC0BUl0sEb4ADaLIBAAdtAAM2BA","file_unique_id":"AQADJgcAApYLQFRy","file_size":7378,"width":320,"height":306},"thumb":{"file_id":"AAMCBQADFQABaJxIIsRJdZjdBM_Hbeyf88sPKKYAAiYHAAKWC0BUl0sEb4ADaLIBAAdtAAM2BA","file_unique_id":"AQADJgcAApYLQFRy","file_size":7378,"width":320,"height":306},"file_id":"CAACAgUAAxUAAWicSCLESXWY3QTPx23sn_PLDyimAAImBwAClgtAVJdLBG-AA2iyNgQ","file_unique_id":"AgADJgcAApYLQFQ","file_size":11430},{"width":512,"height":512,"emoji":"⭐","set_name":"shenmoshitiezhi2","is_animated":false,"is_video":false,"type":"regular","thumbnail":{"file_id":"AAMCBQADFQABaJxIIg3ryt2ZJosk4zuWWGFnaiEAAl0IAAKMa0lU_Q3RaDugWYABAAdtAAM2BA","file_unique_id":"AQADXQgAAoxrSVRy","file_size":10844,"width":320,"height":320},"thumb":{"file_id":"AAMCBQADFQABaJxIIg3ryt2ZJosk4zuWWGFnaiEAAl0IAAKMa0lU_Q3RaDugWYABAAdtAAM2BA","file_unique_id":"AQADXQgAAoxrSVRy","file_size":10844,"width":320,"height":320},"file_id":"CAACAgUAAxUAAWicSCIN68rdmSaLJOM7llhhZ2ohAAJdCAACjGtJVP0N0Wg7oFmANgQ","file_unique_id":"AgADXQgAAoxrSVQ","file_size":19046},{"width":512,"height":384,"emoji":"⭐","set_name":"shenmoshitiezhi2","is_animated":false,"is_video":false,"type":"regular","thumbnail":{"file_id":"AAMCBQADFQABaJxIItlrkOmg6kMZdzS-YAcEBZEAAowGAAJ9LVFU1fq6OVGrTAEBAAdtAAM2BA","file_unique_id":"AQADjAYAAn0tUVRy","file_size":7496,"width":320,"height":240},"thumb":{"file_id":"AAMCBQADFQABaJxIItlrkOmg6kMZdzS-YAcEBZEAAowGAAJ9LVFU1fq6OVGrTAEBAAdtAAM2BA","file_unique_id":"AQADjAYAAn0tUVRy","file_size":7496,"width":320,"height":240},"file_id":"CAACAgUAAxUAAWicSCLZa5DpoOpDGXc0vmAHBAWRAAKMBgACfS1RVNX6ujlRq0wBNgQ","file_unique_id":"AgADjAYAAn0tUVQ","file_size":11620},{"width":512,"height":437,"emoji":"⭐","set_name":"shenmoshitiezhi2","is_animated":false,"is_video":false,"type":"regular","thumbnail":{"file_id":"AAMCBQADFQABaJxIIoIXck2XKBsHyKPJHUhVY1UAAqIFAAIJfWBUtgPJQzopp0EBAAdtAAM2BA","file_unique_id":"AQADogUAAgl9YFRy","file_size":13420,"width":320,"height":273},"thumb":{"file_id":"AAMCBQADFQABaJxIIoIXck2XKBsHyKPJHUhVY1UAAqIFAAIJfWBUtgPJQzopp0EBAAdtAAM2BA","file_unique_id":"AQADogUAAgl9YFRy","file_size":13420,"width":320,"height":273},"file_id":"CAACAgUAAxUAAWicSCKCF3JNlygbB8ijyR1IVWNVAAKiBQACCX1gVLYDyUM6KadBNgQ","file_unique_id":"AgADogUAAgl9YFQ","file_size":21570},{"width":512,"height":269,"emoji":"⭐","set_name":"shenmoshitiezhi2","is_animated":false,"is_video":false,"type":"regular","thumbnail":{"file_id":"AAMCBQADFQABaJxIIrb1iI_uMjT-KpZMptnJY5UAAi0GAALQWmlUzQAB6I8RM5GOAQAHbQADNgQ","file_unique_id":"AQADLQYAAtBaaVRy","file_size":6696,"width":320,"height":168},"thumb":{"file_id":"AAMCBQADFQABaJxIIrb1iI_uMjT-KpZMptnJY5UAAi0GAALQWmlUzQAB6I8RM5GOAQAHbQADNgQ","file_unique_id":"AQADLQYAAtBaaVRy","file_size":6696,"width":320,"height":168},"file_id":"CAACAgUAAxUAAWicSCK29YiP7jI0_iqWTKbZyWOVAAItBgAC0FppVM0AAeiPETORjjYE","file_unique_id":"AgADLQYAAtBaaVQ","file_size":11182},{"width":512,"height":452,"emoji":"⭐","set_name":"shenmoshitiezhi2","is_animated":false,"is_video":false,"type":"regular","thumbnail":{"file_id":"AAMCBQADFQABaJxIIuxhX62pOSVS-c3kxFRSmv8AAosHAAKCWWBUm3B2AT2B07gBAAdtAAM2BA","file_unique_id":"AQADiwcAAoJZYFRy","file_size":11140,"width":320,"height":282},"thumb":{"file_id":"AAMCBQADFQABaJxIIuxhX62pOSVS-c3kxFRSmv8AAosHAAKCWWBUm3B2AT2B07gBAAdtAAM2BA","file_unique_id":"AQADiwcAAoJZYFRy","file_size":11140,"width":320,"height":282},"file_id":"CAACAgUAAxUAAWicSCLsYV-tqTklUvnN5MRUUpr_AAKLBwACgllgVJtwdgE9gdO4NgQ","file_unique_id":"AgADiwcAAoJZYFQ","file_size":18348},{"width":512,"height":304,"emoji":"⭐","set_name":"shenmoshitiezhi2","is_animated":false,"is_video":false,"type":"regular","thumbnail":{"file_id":"AAMCBQADFQABaJxIImVMQEuzi_l9jzFxDz9cTDgAAhQHAAIW8XFUAtjZ5gwpopUBAAdtAAM2BA","file_unique_id":"AQADFAcAAhbxcVRy","file_size":6874,"width":320,"height":190},"thumb":{"file_id":"AAMCBQADFQABaJxIImVMQEuzi_l9jzFxDz9cTDgAAhQHAAIW8XFUAtjZ5gwpopUBAAdtAAM2BA","file_unique_id":"AQADFAcAAhbxcVRy","file_size":6874,"width":320,"height":190},"file_id":"CAACAgUAAxUAAWicSCJlTEBLs4v5fY8xcQ8_XEw4AAIUBwACFvFxVALY2eYMKaKVNgQ","file_unique_id":"AgADFAcAAhbxcVQ","file_size":11830},{"width":512,"height":512,"emoji":"⭐","set_name":"shenmoshitiezhi2","is_animated":false,"is_video":false,"type":"regular","thumbnail":{"file_id":"AAMCBQADFQABaJxIIgM9q5hcqRkAAcB7Y4N9AhLpAAJkBgACLtRwVHJuV1cRbxUyAQAHbQADNgQ","file_unique_id":"AQADZAYAAi7UcFRy","file_size":6950,"width":320,"height":320},"thumb":{"file_id":"AAMCBQADFQABaJxIIgM9q5hcqRkAAcB7Y4N9AhLpAAJkBgACLtRwVHJuV1cRbxUyAQAHbQADNgQ","file_unique_id":"AQADZAYAAi7UcFRy","file_size":6950,"width":320,"height":320},"file_id":"CAACAgUAAxUAAWicSCIDPauYXKkZAAHAe2ODfQIS6QACZAYAAi7UcFRybldXEW8VMjYE","file_unique_id":"AgADZAYAAi7UcFQ","file_size":12736},{"width":512,"height":167,"emoji":"⭐️","set_name":"shenmoshitiezhi2","is_animated":false,"is_video":false,"type":"regular","thumbnail":{"file_id":"AAMCBQADFQABaJxIIvBy9FB4Bm5w_kGzho-gbaEAAu0GAAJuxAABVQu4_SRixiNPAQAHbQADNgQ","file_unique_id":"AQAD7QYAAm7EAAFVcg","file_size":3798,"width":320,"height":104},"thumb":{"file_id":"AAMCBQADFQABaJxIIvBy9FB4Bm5w_kGzho-gbaEAAu0GAAJuxAABVQu4_SRixiNPAQAHbQADNgQ","file_unique_id":"AQAD7QYAAm7EAAFVcg","file_size":3798,"width":320,"height":104},"file_id":"CAACAgUAAxUAAWicSCLwcvRQeAZucP5Bs4aPoG2hAALtBgACbsQAAVULuP0kYsYjTzYE","file_unique_id":"AgAD7QYAAm7EAAFV","file_size":7374},{"width":512,"height":384,"emoji":"⭐️","set_name":"shenmoshitiezhi2","is_animated":false,"is_video":false,"type":"regular","thumbnail":{"file_id":"AAMCBQADFQABaJxIIrQyWoPSuINRtRv7uNzr3e8AAkwFAAK_LlhVRaX6Oe3_SW4BAAdtAAM2BA","file_unique_id":"AQADTAUAAr8uWFVy","file_size":14958,"width":320,"height":240},"thumb":{"file_id":"AAMCBQADFQABaJxIIrQyWoPSuINRtRv7uNzr3e8AAkwFAAK_LlhVRaX6Oe3_SW4BAAdtAAM2BA","file_unique_id":"AQADTAUAAr8uWFVy","file_size":14958,"width":320,"height":240},"file_id":"CAACAgUAAxUAAWicSCK0MlqD0riDUbUb-7jc693vAAJMBQACvy5YVUWl-jnt_0luNgQ","file_unique_id":"AgADTAUAAr8uWFU","file_size":29608},{"width":512,"height":512,"emoji":"⭐️","set_name":"shenmoshitiezhi2","is_animated":false,"is_video":false,"type":"regular","thumbnail":{"file_id":"AAMCBQADFQABaJxIIkul3gIR2uzkh45y3IrYmw4AAocKAAJhA1FVvTXgL562fdIBAAdtAAM2BA","file_unique_id":"AQADhwoAAmEDUVVy","file_size":5334,"width":320,"height":320},"thumb":{"file_id":"AAMCBQADFQABaJxIIkul3gIR2uzkh45y3IrYmw4AAocKAAJhA1FVvTXgL562fdIBAAdtAAM2BA","file_unique_id":"AQADhwoAAmEDUVVy","file_size":5334,"width":320,"height":320},"file_id":"CAACAgUAAxUAAWicSCJLpd4CEdrs5IeOctyK2JsOAAKHCgACYQNRVb014C-etn3SNgQ","file_unique_id":"AgADhwoAAmEDUVU","file_size":9268},{"width":512,"height":424,"emoji":"⭐️","set_name":"shenmoshitiezhi2","is_animated":false,"is_video":false,"type":"regular","thumbnail":{"file_id":"AAMCBQADFQABaJxIIsGJKZgIvikZm73XNzc3p-AAAlYIAAOrYVUmYx1rb7aLugEAB20AAzYE","file_unique_id":"AQADVggAA6thVXI","file_size":6970,"width":320,"height":265},"thumb":{"file_id":"AAMCBQADFQABaJxIIsGJKZgIvikZm73XNzc3p-AAAlYIAAOrYVUmYx1rb7aLugEAB20AAzYE","file_unique_id":"AQADVggAA6thVXI","file_size":6970,"width":320,"height":265},"file_id":"CAACAgUAAxUAAWicSCLBiSmYCL4pGZu91zc3N6fgAAJWCAADq2FVJmMda2-2i7o2BA","file_unique_id":"AgADVggAA6thVQ","file_size":10856},{"width":374,"height":512,"emoji":"⭐️","set_name":"shenmoshitiezhi2","is_animated":false,"is_video":false,"type":"regular","thumbnail":{"file_id":"AAMCBQADFQABaJxIImbzQ3T7ZOV0zcrsDJA3YB4AAiQFAAIUl2hVCUN-JM4ULxoBAAdtAAM2BA","file_unique_id":"AQADJAUAAhSXaFVy","file_size":5938,"width":234,"height":320},"thumb":{"file_id":"AAMCBQADFQABaJxIImbzQ3T7ZOV0zcrsDJA3YB4AAiQFAAIUl2hVCUN-JM4ULxoBAAdtAAM2BA","file_unique_id":"AQADJAUAAhSXaFVy","file_size":5938,"width":234,"height":320},"file_id":"CAACAgUAAxUAAWicSCJm80N0-2TldM3K7AyQN2AeAAIkBQACFJdoVQlDfiTOFC8aNgQ","file_unique_id":"AgADJAUAAhSXaFU","file_size":9422},{"width":512,"height":476,"emoji":"⭐️","set_name":"shenmoshitiezhi2","is_animated":false,"is_video":false,"type":"regular","thumbnail":{"file_id":"AAMCBQADFQABaJxIIirR-wJOdTTrqQqrlx1H_iEAAh8IAALQI3hVGGkiSw83sx4BAAdtAAM2BA","file_unique_id":"AQADHwgAAtAjeFVy","file_size":6898,"width":320,"height":297},"thumb":{"file_id":"AAMCBQADFQABaJxIIirR-wJOdTTrqQqrlx1H_iEAAh8IAALQI3hVGGkiSw83sx4BAAdtAAM2BA","file_unique_id":"AQADHwgAAtAjeFVy","file_size":6898,"width":320,"height":297},"file_id":"CAACAgUAAxUAAWicSCIq0fsCTnU066kKq5cdR_4hAAIfCAAC0CN4VRhpIksPN7MeNgQ","file_unique_id":"AgADHwgAAtAjeFU","file_size":11896},{"width":497,"height":512,"emoji":"⭐️","set_name":"shenmoshitiezhi2","is_animated":false,"is_video":false,"type":"regular","thumbnail":{"file_id":"AAMCBQADFQABaJxIIgRh4Bb9pq9w6EM6dcmCvQoAApAFAAI-0HlV_ZpJa3lk26IBAAdtAAM2BA","file_unique_id":"AQADkAUAAj7QeVVy","file_size":5492,"width":311,"height":320},"thumb":{"file_id":"AAMCBQADFQABaJxIIgRh4Bb9pq9w6EM6dcmCvQoAApAFAAI-0HlV_ZpJa3lk26IBAAdtAAM2BA","file_unique_id":"AQADkAUAAj7QeVVy","file_size":5492,"width":311,"height":320},"file_id":"CAACAgUAAxUAAWicSCIEYeAW_aavcOhDOnXJgr0KAAKQBQACPtB5Vf2aSWt5ZNuiNgQ","file_unique_id":"AgADkAUAAj7QeVU","file_size":8668},{"width":512,"height":424,"emoji":"⭐️","set_name":"shenmoshitiezhi2","is_animated":false,"is_video":false,"type":"regular","thumbnail":{"file_id":"AAMCBQADFQABaJxIIhoqadMyoe2EynsZb7BtqWcAAuEFAAKydIFVcieobN-E9igBAAdtAAM2BA","file_unique_id":"AQAD4QUAArJ0gVVy","file_size":9570,"width":320,"height":265},"thumb":{"file_id":"AAMCBQADFQABaJxIIhoqadMyoe2EynsZb7BtqWcAAuEFAAKydIFVcieobN-E9igBAAdtAAM2BA","file_unique_id":"AQAD4QUAArJ0gVVy","file_size":9570,"width":320,"height":265},"file_id":"CAACAgUAAxUAAWicSCIaKmnTMqHthMp7GW-wbalnAALhBQACsnSBVXInqGzfhPYoNgQ","file_unique_id":"AgAD4QUAArJ0gVU","file_size":14886},{"width":512,"height":418,"emoji":"⭐️","set_name":"shenmoshitiezhi2","is_animated":false,"is_video":false,"type":"regular","thumbnail":{"file_id":"AAMCBQADFQABaJxIIvtg1J8sFnCS1eHGPuNj1nMAAsYHAAJ5AAGJVXELSQj1YCuMAQAHbQADNgQ","file_unique_id":"AQADxgcAAnkAAYlVcg","file_size":3866,"width":320,"height":261},"thumb":{"file_id":"AAMCBQADFQABaJxIIvtg1J8sFnCS1eHGPuNj1nMAAsYHAAJ5AAGJVXELSQj1YCuMAQAHbQADNgQ","file_unique_id":"AQADxgcAAnkAAYlVcg","file_size":3866,"width":320,"height":261},"file_id":"CAACAgUAAxUAAWicSCL7YNSfLBZwktXhxj7jY9ZzAALGBwACeQABiVVxC0kI9WArjDYE","file_unique_id":"AgADxgcAAnkAAYlV","file_size":6146},{"width":512,"height":278,"emoji":"⭐️","set_name":"shenmoshitiezhi2","is_animated":false,"is_video":false,"type":"regular","thumbnail":{"file_id":"AAMCBQADFQABaJxIIv3eI3pAJLLY_36qvkp6dBUAAqAJAAJ94IlVyXS-K6B-unwBAAdtAAM2BA","file_unique_id":"AQADoAkAAn3giVVy","file_size":6946,"width":320,"height":174},"thumb":{"file_id":"AAMCBQADFQABaJxIIv3eI3pAJLLY_36qvkp6dBUAAqAJAAJ94IlVyXS-K6B-unwBAAdtAAM2BA","file_unique_id":"AQADoAkAAn3giVVy","file_size":6946,"width":320,"height":174},"file_id":"CAACAgUAAxUAAWicSCL93iN6QCSy2P9-qr5KenQVAAKgCQACfeCJVcl0viugfrp8NgQ","file_unique_id":"AgADoAkAAn3giVU","file_size":11596},{"width":512,"height":512,"emoji":"⭐️","set_name":"shenmoshitiezhi2","is_animated":false,"is_video":false,"type":"regular","thumbnail":{"file_id":"AAMCBQADFQABaJxIIoh5cUg30dcGB7F8El4DNYgAAlgHAALeF5BVFgpOoRqtjbUBAAdtAAM2BA","file_unique_id":"AQADWAcAAt4XkFVy","file_size":6262,"width":320,"height":320},"thumb":{"file_id":"AAMCBQADFQABaJxIIoh5cUg30dcGB7F8El4DNYgAAlgHAALeF5BVFgpOoRqtjbUBAAdtAAM2BA","file_unique_id":"AQADWAcAAt4XkFVy","file_size":6262,"width":320,"height":320},"file_id":"CAACAgUAAxUAAWicSCKIeXFIN9HXBgexfBJeAzWIAAJYBwAC3heQVRYKTqEarY21NgQ","file_unique_id":"AgADWAcAAt4XkFU","file_size":11100},{"width":512,"height":444,"emoji":"⭐️","set_name":"shenmoshitiezhi2","is_animated":false,"is_video":false,"type":"regular","thumbnail":{"file_id":"AAMCBQADFQABaJxIIivCCdNqKQABcAWJxFMLfjI2AAK-BwACSaWRVXrRC7ukmQ_IAQAHbQADNgQ","file_unique_id":"AQADvgcAAkmlkVVy","file_size":4548,"width":320,"height":277},"thumb":{"file_id":"AAMCBQADFQABaJxIIivCCdNqKQABcAWJxFMLfjI2AAK-BwACSaWRVXrRC7ukmQ_IAQAHbQADNgQ","file_unique_id":"AQADvgcAAkmlkVVy","file_size":4548,"width":320,"height":277},"file_id":"CAACAgUAAxUAAWicSCIrwgnTaikAAXAFicRTC34yNgACvgcAAkmlkVV60Qu7pJkPyDYE","file_unique_id":"AgADvgcAAkmlkVU","file_size":7468},{"width":462,"height":512,"emoji":"⭐️","set_name":"shenmoshitiezhi2","is_animated":false,"is_video":false,"type":"regular","thumbnail":{"file_id":"AAMCBQADFQABaJxIIjfp8izwqc_zeV0xTm7ps1cAAqwIAALMC5lVfWpeKWbWwRABAAdtAAM2BA","file_unique_id":"AQADrAgAAswLmVVy","file_size":4098,"width":289,"height":320},"thumb":{"file_id":"AAMCBQADFQABaJxIIjfp8izwqc_zeV0xTm7ps1cAAqwIAALMC5lVfWpeKWbWwRABAAdtAAM2BA","file_unique_id":"AQADrAgAAswLmVVy","file_size":4098,"width":289,"height":320},"file_id":"CAACAgUAAxUAAWicSCI36fIs8KnP83ldMU5u6bNXAAKsCAACzAuZVX1qXilm1sEQNgQ","file_unique_id":"AgADrAgAAswLmVU","file_size":6804},{"width":512,"height":512,"emoji":"⭐️","set_name":"shenmoshitiezhi2","is_animated":false,"is_video":false,"type":"regular","thumbnail":{"file_id":"AAMCBQADFQABaJxIIrsYP2wTWX_uGvYc83H6mAsAAlkIAAJUnKlV0uE8mmt3i-IBAAdtAAM2BA","file_unique_id":"AQADWQgAAlScqVVy","file_size":3696,"width":320,"height":320},"thumb":{"file_id":"AAMCBQADFQABaJxIIrsYP2wTWX_uGvYc83H6mAsAAlkIAAJUnKlV0uE8mmt3i-IBAAdtAAM2BA","file_unique_id":"AQADWQgAAlScqVVy","file_size":3696,"width":320,"height":320},"file_id":"CAACAgUAAxUAAWicSCK7GD9sE1l_7hr2HPNx-pgLAAJZCAACVJypVdLhPJprd4viNgQ","file_unique_id":"AgADWQgAAlScqVU","file_size":5988},{"width":512,"height":512,"emoji":"⭐","set_name":"shenmoshitiezhi2","is_animated":false,"is_video":false,"type":"regular","thumbnail":{"file_id":"AAMCBQADFQABaJxIIpQd1ijSg7SZuKNgcgdvxCoAAgYJAAL0PclVFzWcLloJs4MBAAdtAAM2BA","file_unique_id":"AQADBgkAAvQ9yVVy","file_size":4992,"width":320,"height":320},"thumb":{"file_id":"AAMCBQADFQABaJxIIpQd1ijSg7SZuKNgcgdvxCoAAgYJAAL0PclVFzWcLloJs4MBAAdtAAM2BA","file_unique_id":"AQADBgkAAvQ9yVVy","file_size":4992,"width":320,"height":320},"file_id":"CAACAgUAAxUAAWicSCKUHdYo0oO0mbijYHIHb8QqAAIGCQAC9D3JVRc1nC5aCbODNgQ","file_unique_id":"AgADBgkAAvQ9yVU","file_size":8492},{"width":512,"height":512,"emoji":"⭐️","set_name":"shenmoshitiezhi2","is_animated":false,"is_video":false,"type":"regular","thumbnail":{"file_id":"AAMCBQADFQABaJxIIlwu_wYkGOyFdKjFdD1CD2IAAmgGAALuZNFV0aK9yzlsTVwBAAdtAAM2BA","file_unique_id":"AQADaAYAAu5k0VVy","file_size":7572,"width":320,"height":320},"thumb":{"file_id":"AAMCBQADFQABaJxIIlwu_wYkGOyFdKjFdD1CD2IAAmgGAALuZNFV0aK9yzlsTVwBAAdtAAM2BA","file_unique_id":"AQADaAYAAu5k0VVy","file_size":7572,"width":320,"height":320},"file_id":"CAACAgUAAxUAAWicSCJcLv8GJBjshXSoxXQ9Qg9iAAJoBgAC7mTRVdGivcs5bE1cNgQ","file_unique_id":"AgADaAYAAu5k0VU","file_size":14164},{"width":512,"height":372,"emoji":"⭐️","set_name":"shenmoshitiezhi2","is_animated":false,"is_video":false,"type":"regular","thumbnail":{"file_id":"AAMCBQADFQABaJxIIga57gn4KQ-715Y8IAz58qwAAjQGAAIiDBhWnn4kS-og3EYBAAdtAAM2BA","file_unique_id":"AQADNAYAAiIMGFZy","file_size":6640,"width":320,"height":232},"thumb":{"file_id":"AAMCBQADFQABaJxIIga57gn4KQ-715Y8IAz58qwAAjQGAAIiDBhWnn4kS-og3EYBAAdtAAM2BA","file_unique_id":"AQADNAYAAiIMGFZy","file_size":6640,"width":320,"height":232},"file_id":"CAACAgUAAxUAAWicSCIGue4J-CkPu9eWPCAM-fKsAAI0BgACIgwYVp5-JEvqINxGNgQ","file_unique_id":"AgADNAYAAiIMGFY","file_size":10666},{"width":512,"height":248,"emoji":"⭐️","set_name":"shenmoshitiezhi2","is_animated":false,"is_video":false,"type":"regular","thumbnail":{"file_id":"AAMCBQADFQABaJxIIo-C_4j8rjN7RDzLQlYAAe3dAAK7BgACTbEpVhqLNg03nbFlAQAHbQADNgQ","file_unique_id":"AQADuwYAAk2xKVZy","file_size":3788,"width":320,"height":155},"thumb":{"file_id":"AAMCBQADFQABaJxIIo-C_4j8rjN7RDzLQlYAAe3dAAK7BgACTbEpVhqLNg03nbFlAQAHbQADNgQ","file_unique_id":"AQADuwYAAk2xKVZy","file_size":3788,"width":320,"height":155},"file_id":"CAACAgUAAxUAAWicSCKPgv-I_K4ze0Q8y0JWAAHt3QACuwYAAk2xKVYaizYNN52xZTYE","file_unique_id":"AgADuwYAAk2xKVY","file_size":6262},{"width":512,"height":384,"emoji":"⭐️","set_name":"shenmoshitiezhi2","is_animated":false,"is_video":false,"type":"regular","thumbnail":{"file_id":"AAMCBQADFQABaJxIIkrIFgSR4iPnQIdiu-eoomsAAtQGAAJMyDlWJowc-cOC8DABAAdtAAM2BA","file_unique_id":"AQAD1AYAAkzIOVZy","file_size":7660,"width":320,"height":240},"thumb":{"file_id":"AAMCBQADFQABaJxIIkrIFgSR4iPnQIdiu-eoomsAAtQGAAJMyDlWJowc-cOC8DABAAdtAAM2BA","file_unique_id":"AQAD1AYAAkzIOVZy","file_size":7660,"width":320,"height":240},"file_id":"CAACAgUAAxUAAWicSCJKyBYEkeIj50CHYrvnqKJrAALUBgACTMg5ViaMHPnDgvAwNgQ","file_unique_id":"AgAD1AYAAkzIOVY","file_size":12202},{"width":512,"height":512,"emoji":"⭐️","set_name":"shenmoshitiezhi2","is_animated":false,"is_video":false,"type":"regular","thumbnail":{"file_id":"AAMCBQADFQABaJxIIqjaWVSOhdr6NgABtFnLLBLdAALMBwACxkVBVqwBSmBBCYe2AQAHbQADNgQ","file_unique_id":"AQADzAcAAsZFQVZy","file_size":3916,"width":320,"height":320},"thumb":{"file_id":"AAMCBQADFQABaJxIIqjaWVSOhdr6NgABtFnLLBLdAALMBwACxkVBVqwBSmBBCYe2AQAHbQADNgQ","file_unique_id":"AQADzAcAAsZFQVZy","file_size":3916,"width":320,"height":320},"file_id":"CAACAgUAAxUAAWicSCKo2llUjoXa-jYAAbRZyywS3QACzAcAAsZFQVasAUpgQQmHtjYE","file_unique_id":"AgADzAcAAsZFQVY","file_size":6490},{"width":512,"height":278,"emoji":"⭐️","set_name":"shenmoshitiezhi2","is_animated":false,"is_video":false,"type":"regular","thumbnail":{"file_id":"AAMCBQADFQABaJxIImO11Y6f2M0_Tt8-Mbcoc5AAArAIAAJHzkFWcbw54ykE6GcBAAdtAAM2BA","file_unique_id":"AQADsAgAAkfOQVZy","file_size":7104,"width":320,"height":174},"thumb":{"file_id":"AAMCBQADFQABaJxIImO11Y6f2M0_Tt8-Mbcoc5AAArAIAAJHzkFWcbw54ykE6GcBAAdtAAM2BA","file_unique_id":"AQADsAgAAkfOQVZy","file_size":7104,"width":320,"height":174},"file_id":"CAACAgUAAxUAAWicSCJjtdWOn9jNP07fPjG3KHOQAAKwCAACR85BVnG8OeMpBOhnNgQ","file_unique_id":"AgADsAgAAkfOQVY","file_size":11734},{"width":491,"height":512,"emoji":"⭐️","set_name":"shenmoshitiezhi2","is_animated":false,"is_video":false,"type":"regular","thumbnail":{"file_id":"AAMCBQADFQABaJxIIhCcAiVsJpmGEY71Ma7KqkkAAjYGAALu8UBWWqxwRTGopUEBAAdtAAM2BA","file_unique_id":"AQADNgYAAu7xQFZy","file_size":8376,"width":307,"height":320},"thumb":{"file_id":"AAMCBQADFQABaJxIIhCcAiVsJpmGEY71Ma7KqkkAAjYGAALu8UBWWqxwRTGopUEBAAdtAAM2BA","file_unique_id":"AQADNgYAAu7xQFZy","file_size":8376,"width":307,"height":320},"file_id":"CAACAgUAAxUAAWicSCIQnAIlbCaZhhGO9TGuyqpJAAI2BgAC7vFAVlqscEUxqKVBNgQ","file_unique_id":"AgADNgYAAu7xQFY","file_size":15838},{"width":512,"height":468,"emoji":"⭐️","set_name":"shenmoshitiezhi2","is_animated":false,"is_video":false,"type":"regular","thumbnail":{"file_id":"AAMCBQADFQABaJxIIkszHa6Qcc7JAtpKQfA3gUYAAmIIAAJaMmlWl05E9_QV2lUBAAdtAAM2BA","file_unique_id":"AQADYggAAloyaVZy","file_size":10580,"width":320,"height":292},"thumb":{"file_id":"AAMCBQADFQABaJxIIkszHa6Qcc7JAtpKQfA3gUYAAmIIAAJaMmlWl05E9_QV2lUBAAdtAAM2BA","file_unique_id":"AQADYggAAloyaVZy","file_size":10580,"width":320,"height":292},"file_id":"CAACAgUAAxUAAWicSCJLMx2ukHHOyQLaSkHwN4FGAAJiCAACWjJpVpdORPf0FdpVNgQ","file_unique_id":"AgADYggAAloyaVY","file_size":16342},{"width":512,"height":512,"emoji":"⭐️","set_name":"shenmoshitiezhi2","is_animated":false,"is_video":false,"type":"regular","thumbnail":{"file_id":"AAMCBQADFQABaJxIIotK7IDPMqTgAYmRKx9QNcMAAvMJAAJr1XFWuPrwg9bqxLgBAAdtAAM2BA","file_unique_id":"AQAD8wkAAmvVcVZy","file_size":7210,"width":320,"height":320},"thumb":{"file_id":"AAMCBQADFQABaJxIIotK7IDPMqTgAYmRKx9QNcMAAvMJAAJr1XFWuPrwg9bqxLgBAAdtAAM2BA","file_unique_id":"AQAD8wkAAmvVcVZy","file_size":7210,"width":320,"height":320},"file_id":"CAACAgUAAxUAAWicSCKLSuyAzzKk4AGJkSsfUDXDAALzCQACa9VxVrj68IPW6sS4NgQ","file_unique_id":"AgAD8wkAAmvVcVY","file_size":11740},{"width":512,"height":278,"emoji":"⭐️","set_name":"shenmoshitiezhi2","is_animated":false,"is_video":false,"type":"regular","thumbnail":{"file_id":"AAMCBQADFQABaJxIIpIXkmqb_OsyATgx3AABvurLAALoBgACm7WBVgkH1cWUa7iIAQAHbQADNgQ","file_unique_id":"AQAD6AYAApu1gVZy","file_size":6660,"width":320,"height":174},"thumb":{"file_id":"AAMCBQADFQABaJxIIpIXkmqb_OsyATgx3AABvurLAALoBgACm7WBVgkH1cWUa7iIAQAHbQADNgQ","file_unique_id":"AQAD6AYAApu1gVZy","file_size":6660,"width":320,"height":174},"file_id":"CAACAgUAAxUAAWicSCKSF5Jqm_zrMgE4MdwAAb7qywAC6AYAApu1gVYJB9XFlGu4iDYE","file_unique_id":"AgAD6AYAApu1gVY","file_size":10998},{"width":512,"height":278,"emoji":"⭐️","set_name":"shenmoshitiezhi2","is_animated":false,"is_video":false,"type":"regular","thumbnail":{"file_id":"AAMCBQADFQABaJxIIorA9XazxP1JKPiGslTqumsAAh8HAAIee4BWnjTX6dHUDQsBAAdtAAM2BA","file_unique_id":"AQADHwcAAh57gFZy","file_size":5732,"width":320,"height":174},"thumb":{"file_id":"AAMCBQADFQABaJxIIorA9XazxP1JKPiGslTqumsAAh8HAAIee4BWnjTX6dHUDQsBAAdtAAM2BA","file_unique_id":"AQADHwcAAh57gFZy","file_size":5732,"width":320,"height":174},"file_id":"CAACAgUAAxUAAWicSCKKwPV2s8T9SSj4hrJU6rprAAIfBwACHnuAVp401-nR1A0LNgQ","file_unique_id":"AgADHwcAAh57gFY","file_size":9614},{"width":512,"height":329,"emoji":"⭐️","set_name":"shenmoshitiezhi2","is_animated":false,"is_video":false,"type":"regular","thumbnail":{"file_id":"AAMCBQADFQABaJxIIuFzULH8oiyPqArl5Eid_PgAAo0HAAJGtYBW3BWEs2uEqP8BAAdtAAM2BA","file_unique_id":"AQADjQcAAka1gFZy","file_size":4542,"width":320,"height":206},"thumb":{"file_id":"AAMCBQADFQABaJxIIuFzULH8oiyPqArl5Eid_PgAAo0HAAJGtYBW3BWEs2uEqP8BAAdtAAM2BA","file_unique_id":"AQADjQcAAka1gFZy","file_size":4542,"width":320,"height":206},"file_id":"CAACAgUAAxUAAWicSCLhc1Cx_KIsj6gK5eRInfz4AAKNBwACRrWAVtwVhLNrhKj_NgQ","file_unique_id":"AgADjQcAAka1gFY","file_size":7866},{"width":457,"height":512,"emoji":"⭐️","set_name":"shenmoshitiezhi2","is_animated":false,"is_video":false,"type":"regular","thumbnail":{"file_id":"AAMCBQADFQABaJxIIpZM716ruJNmCTP7gvjp1VIAAkoIAAKjbnhWbharDRfHnJYBAAdtAAM2BA","file_unique_id":"AQADSggAAqNueFZy","file_size":6202,"width":286,"height":320},"thumb":{"file_id":"AAMCBQADFQABaJxIIpZM716ruJNmCTP7gvjp1VIAAkoIAAKjbnhWbharDRfHnJYBAAdtAAM2BA","file_unique_id":"AQADSggAAqNueFZy","file_size":6202,"width":286,"height":320},"file_id":"CAACAgUAAxUAAWicSCKWTO9eq7iTZgkz-4L46dVSAAJKCAACo254Vm4Wqw0Xx5yWNgQ","file_unique_id":"AgADSggAAqNueFY","file_size":10590},{"width":512,"height":512,"emoji":"⭐️","set_name":"shenmoshitiezhi2","is_animated":false,"is_video":false,"type":"regular","thumbnail":{"file_id":"AAMCBQADFQABaJxIIjlpEXgXmd84Z8Vy-cePLV4AAloGAAJEOIBWz23-VKSyfs4BAAdtAAM2BA","file_unique_id":"AQADWgYAAkQ4gFZy","file_size":5146,"width":320,"height":320},"thumb":{"file_id":"AAMCBQADFQABaJxIIjlpEXgXmd84Z8Vy-cePLV4AAloGAAJEOIBWz23-VKSyfs4BAAdtAAM2BA","file_unique_id":"AQADWgYAAkQ4gFZy","file_size":5146,"width":320,"height":320},"file_id":"CAACAgUAAxUAAWicSCI5aRF4F5nfOGfFcvnHjy1eAAJaBgACRDiAVs9t_lSksn7ONgQ","file_unique_id":"AgADWgYAAkQ4gFY","file_size":8566},{"width":512,"height":512,"emoji":"⭐️","set_name":"shenmoshitiezhi2","is_animated":false,"is_video":false,"type":"regular","thumbnail":{"file_id":"AAMCBQADFQABaJxIItheus_MTerBAp0UDvg4FC8AAmIHAALpjoFWhqLiYcCru-8BAAdtAAM2BA","file_unique_id":"AQADYgcAAumOgVZy","file_size":4648,"width":320,"height":320},"thumb":{"file_id":"AAMCBQADFQABaJxIItheus_MTerBAp0UDvg4FC8AAmIHAALpjoFWhqLiYcCru-8BAAdtAAM2BA","file_unique_id":"AQADYgcAAumOgVZy","file_size":4648,"width":320,"height":320},"file_id":"CAACAgUAAxUAAWicSCLYXrrPzE3qwQKdFA74OBQvAAJiBwAC6Y6BVoai4mHAq7vvNgQ","file_unique_id":"AgADYgcAAumOgVY","file_size":7366},{"width":512,"height":512,"emoji":"⭐️","set_name":"shenmoshitiezhi2","is_animated":false,"is_video":false,"type":"regular","thumbnail":{"file_id":"AAMCBQADFQABaJxIIithIVQk_sSkGiLV_c_tgO0AAuYGAAJM7IBWStfBnygirtQBAAdtAAM2BA","file_unique_id":"AQAD5gYAAkzsgFZy","file_size":7672,"width":320,"height":320},"thumb":{"file_id":"AAMCBQADFQABaJxIIithIVQk_sSkGiLV_c_tgO0AAuYGAAJM7IBWStfBnygirtQBAAdtAAM2BA","file_unique_id":"AQAD5gYAAkzsgFZy","file_size":7672,"width":320,"height":320},"file_id":"CAACAgUAAxUAAWicSCIrYSFUJP7EpBoi1f3P7YDtAALmBgACTOyAVkrXwZ8oIq7UNgQ","file_unique_id":"AgAD5gYAAkzsgFY","file_size":12978},{"width":512,"height":438,"emoji":"⭐️","set_name":"shenmoshitiezhi2","is_animated":false,"is_video":false,"type":"regular","thumbnail":{"file_id":"AAMCBQADFQABaJxIIh2owXZ97dmwB4DL6Ke0i0UAAtgGAAJWzbFWGg_ixBUVfeMBAAdtAAM2BA","file_unique_id":"AQAD2AYAAlbNsVZy","file_size":13528,"width":320,"height":274},"thumb":{"file_id":"AAMCBQADFQABaJxIIh2owXZ97dmwB4DL6Ke0i0UAAtgGAAJWzbFWGg_ixBUVfeMBAAdtAAM2BA","file_unique_id":"AQAD2AYAAlbNsVZy","file_size":13528,"width":320,"height":274},"file_id":"CAACAgUAAxUAAWicSCIdqMF2fe3ZsAeAy-intItFAALYBgACVs2xVhoP4sQVFX3jNgQ","file_unique_id":"AgAD2AYAAlbNsVY","file_size":23276},{"width":512,"height":512,"emoji":"⭐️","set_name":"shenmoshitiezhi2","is_animated":false,"is_video":false,"type":"regular","thumbnail":{"file_id":"AAMCBQADFQABaJxIIvFBTDF0sDxqx2gXT6xE7Q4AAq8FAAI7OblWePREf--ofLYBAAdtAAM2BA","file_unique_id":"AQADrwUAAjs5uVZy","file_size":7300,"width":320,"height":320},"thumb":{"file_id":"AAMCBQADFQABaJxIIvFBTDF0sDxqx2gXT6xE7Q4AAq8FAAI7OblWePREf--ofLYBAAdtAAM2BA","file_unique_id":"AQADrwUAAjs5uVZy","file_size":7300,"width":320,"height":320},"file_id":"CAACAgUAAxUAAWicSCLxQUwxdLA8asdoF0-sRO0OAAKvBQACOzm5Vnj0RH_vqHy2NgQ","file_unique_id":"AgADrwUAAjs5uVY","file_size":10796},{"width":462,"height":512,"emoji":"⭐️","set_name":"shenmoshitiezhi2","is_animated":false,"is_video":false,"type":"regular","thumbnail":{"file_id":"AAMCBQADFQABaJxIIqn7h4RaeyJP8deE52-5ji0AAmEHAAIE2bFWbrT-7kKNZd8BAAdtAAM2BA","file_unique_id":"AQADYQcAAgTZsVZy","file_size":3674,"width":289,"height":320},"thumb":{"file_id":"AAMCBQADFQABaJxIIqn7h4RaeyJP8deE52-5ji0AAmEHAAIE2bFWbrT-7kKNZd8BAAdtAAM2BA","file_unique_id":"AQADYQcAAgTZsVZy","file_size":3674,"width":289,"height":320},"file_id":"CAACAgUAAxUAAWicSCKp-4eEWnsiT_HXhOdvuY4tAAJhBwACBNmxVm60_u5CjWXfNgQ","file_unique_id":"AgADYQcAAgTZsVY","file_size":6006},{"width":512,"height":315,"emoji":"⭐️","set_name":"shenmoshitiezhi2","is_animated":false,"is_video":false,"type":"regular","thumbnail":{"file_id":"AAMCBQADFQABaJxIImGgUAABbCoBX29v22yBSY0pAAIRBwACmu_AVs72jwABQ571JwEAB20AAzYE","file_unique_id":"AQADEQcAAprvwFZy","file_size":7368,"width":320,"height":197},"thumb":{"file_id":"AAMCBQADFQABaJxIImGgUAABbCoBX29v22yBSY0pAAIRBwACmu_AVs72jwABQ571JwEAB20AAzYE","file_unique_id":"AQADEQcAAprvwFZy","file_size":7368,"width":320,"height":197},"file_id":"CAACAgUAAxUAAWicSCJhoFAAAWwqAV9vb9tsgUmNKQACEQcAAprvwFbO9o8AAUOe9Sc2BA","file_unique_id":"AgADEQcAAprvwFY","file_size":11460},{"width":512,"height":512,"emoji":"⭐️","set_name":"shenmoshitiezhi2","is_animated":false,"is_video":false,"type":"regular","thumbnail":{"file_id":"AAMCBQADFQABaJxIIvNt6UxxnVIpjWAqMMBwdoMAAjMJAALQgMFWjfoapo5u2TcBAAdtAAM2BA","file_unique_id":"AQADMwkAAtCAwVZy","file_size":6364,"width":320,"height":320},"thumb":{"file_id":"AAMCBQADFQABaJxIIvNt6UxxnVIpjWAqMMBwdoMAAjMJAALQgMFWjfoapo5u2TcBAAdtAAM2BA","file_unique_id":"AQADMwkAAtCAwVZy","file_size":6364,"width":320,"height":320},"file_id":"CAACAgUAAxUAAWicSCLzbelMcZ1SKY1gKjDAcHaDAAIzCQAC0IDBVo36GqaObtk3NgQ","file_unique_id":"AgADMwkAAtCAwVY","file_size":12478},{"width":512,"height":504,"emoji":"⭐️","set_name":"shenmoshitiezhi2","is_animated":false,"is_video":false,"type":"regular","thumbnail":{"file_id":"AAMCBQADFQABaJxIIvtBZM9ISQpK0VHFWsn3vTMAAtoHAAK7n9hW2BzQHR6dbAkBAAdtAAM2BA","file_unique_id":"AQAD2gcAAruf2FZy","file_size":4472,"width":320,"height":315},"thumb":{"file_id":"AAMCBQADFQABaJxIIvtBZM9ISQpK0VHFWsn3vTMAAtoHAAK7n9hW2BzQHR6dbAkBAAdtAAM2BA","file_unique_id":"AQAD2gcAAruf2FZy","file_size":4472,"width":320,"height":315},"file_id":"CAACAgUAAxUAAWicSCL7QWTPSEkKStFRxVrJ970zAALaBwACu5_YVtgc0B0enWwJNgQ","file_unique_id":"AgAD2gcAAruf2FY","file_size":7096},{"width":512,"height":512,"emoji":"⭐️","set_name":"shenmoshitiezhi2","is_animated":false,"is_video":false,"type":"regular","thumbnail":{"file_id":"AAMCBQADFQABaJxIIqIuGBRvfRnSnLyAx167PlkAAgIHAAKegdlWy8vZsQk7_AQBAAdtAAM2BA","file_unique_id":"AQADAgcAAp6B2VZy","file_size":6764,"width":320,"height":320},"thumb":{"file_id":"AAMCBQADFQABaJxIIqIuGBRvfRnSnLyAx167PlkAAgIHAAKegdlWy8vZsQk7_AQBAAdtAAM2BA","file_unique_id":"AQADAgcAAp6B2VZy","file_size":6764,"width":320,"height":320},"file_id":"CAACAgUAAxUAAWicSCKiLhgUb30Z0py8gMdeuz5ZAAICBwACnoHZVsvL2bEJO_wENgQ","file_unique_id":"AgADAgcAAp6B2VY","file_size":10540},{"width":512,"height":502,"emoji":"⭐️","set_name":"shenmoshitiezhi2","is_animated":false,"is_video":false,"type":"regular","thumbnail":{"file_id":"AAMCBQADFQABaJxIItm9ydjxwXFjgah_3mTBgysAAiEHAAJYS_hWa_pBvDOb4-QBAAdtAAM2BA","file_unique_id":"AQADIQcAAlhL-FZy","file_size":10314,"width":320,"height":314},"thumb":{"file_id":"AAMCBQADFQABaJxIItm9ydjxwXFjgah_3mTBgysAAiEHAAJYS_hWa_pBvDOb4-QBAAdtAAM2BA","file_unique_id":"AQADIQcAAlhL-FZy","file_size":10314,"width":320,"height":314},"file_id":"CAACAgUAAxUAAWicSCLZvcnY8cFxY4Gof95kwYMrAAIhBwACWEv4Vmv6Qbwzm-PkNgQ","file_unique_id":"AgADIQcAAlhL-FY","file_size":18840},{"width":387,"height":512,"emoji":"⭐️","set_name":"shenmoshitiezhi2","is_animated":false,"is_video":false,"type":"regular","thumbnail":{"file_id":"AAMCBQADFQABaJxIIl7JFkUJ8IFJhr8HXvPHWX4AAlIJAAJOD4BXjpJM0S5fVwkBAAdtAAM2BA","file_unique_id":"AQADUgkAAk4PgFdy","file_size":4692,"width":242,"height":320},"thumb":{"file_id":"AAMCBQADFQABaJxIIl7JFkUJ8IFJhr8HXvPHWX4AAlIJAAJOD4BXjpJM0S5fVwkBAAdtAAM2BA","file_unique_id":"AQADUgkAAk4PgFdy","file_size":4692,"width":242,"height":320},"file_id":"CAACAgUAAxUAAWicSCJeyRZFCfCBSYa_B17zx1l-AAJSCQACTg-AV46STNEuX1cJNgQ","file_unique_id":"AgADUgkAAk4PgFc","file_size":7246},{"width":474,"height":512,"emoji":"⭐️","set_name":"shenmoshitiezhi2","is_animated":false,"is_video":false,"type":"regular","thumbnail":{"file_id":"AAMCBQADFQABaJxIIvMcz3cdu1dj7sR28F145NgAAjgIAAKoxIlXrAjA-J5cGcEBAAdtAAM2BA","file_unique_id":"AQADOAgAAqjEiVdy","file_size":3452,"width":296,"height":320},"thumb":{"file_id":"AAMCBQADFQABaJxIIvMcz3cdu1dj7sR28F145NgAAjgIAAKoxIlXrAjA-J5cGcEBAAdtAAM2BA","file_unique_id":"AQADOAgAAqjEiVdy","file_size":3452,"width":296,"height":320},"file_id":"CAACAgUAAxUAAWicSCLzHM93HbtXY-7EdvBdeOTYAAI4CAACqMSJV6wIwPieXBnBNgQ","file_unique_id":"AgADOAgAAqjEiVc","file_size":5734},{"width":512,"height":491,"emoji":"⭐️","set_name":"shenmoshitiezhi2","is_animated":false,"is_video":false,"type":"regular","thumbnail":{"file_id":"AAMCBQADFQABaJxIIjhBoC9KYILXpLYK6RAGKJ0AAnsHAAJJ5qlXi1qYct9ntCIBAAdtAAM2BA","file_unique_id":"AQADewcAAknmqVdy","file_size":8384,"width":320,"height":307},"thumb":{"file_id":"AAMCBQADFQABaJxIIjhBoC9KYILXpLYK6RAGKJ0AAnsHAAJJ5qlXi1qYct9ntCIBAAdtAAM2BA","file_unique_id":"AQADewcAAknmqVdy","file_size":8384,"width":320,"height":307},"file_id":"CAACAgUAAxUAAWicSCI4QaAvSmCC16S2CukQBiidAAJ7BwACSeapV4tamHLfZ7QiNgQ","file_unique_id":"AgADewcAAknmqVc","file_size":13184},{"width":512,"height":329,"emoji":"⭐️","set_name":"shenmoshitiezhi2","is_animated":false,"is_video":false,"type":"regular","thumbnail":{"file_id":"AAMCBQADFQABaJxIIv0bQbMFNunq_ODn8Zb5_VcAAsgHAAJiI6lXazxsXBy9lQ4BAAdtAAM2BA","file_unique_id":"AQADyAcAAmIjqVdy","file_size":4964,"width":320,"height":206},"thumb":{"file_id":"AAMCBQADFQABaJxIIv0bQbMFNunq_ODn8Zb5_VcAAsgHAAJiI6lXazxsXBy9lQ4BAAdtAAM2BA","file_unique_id":"AQADyAcAAmIjqVdy","file_size":4964,"width":320,"height":206},"file_id":"CAACAgUAAxUAAWicSCL9G0GzBTbp6vzg5_GW-f1XAALIBwACYiOpV2s8bFwcvZUONgQ","file_unique_id":"AgADyAcAAmIjqVc","file_size":8532},{"width":512,"height":512,"emoji":"⭐️","set_name":"shenmoshitiezhi2","is_animated":false,"is_video":false,"type":"regular","thumbnail":{"file_id":"AAMCBQADFQABaJxIItdGvIUl6zLCAAEgfxFMq7gEAALoBQAC5Sm4V95lhi_zhEjGAQAHbQADNgQ","file_unique_id":"AQAD6AUAAuUpuFdy","file_size":7760,"width":320,"height":320},"thumb":{"file_id":"AAMCBQADFQABaJxIItdGvIUl6zLCAAEgfxFMq7gEAALoBQAC5Sm4V95lhi_zhEjGAQAHbQADNgQ","file_unique_id":"AQAD6AUAAuUpuFdy","file_size":7760,"width":320,"height":320},"file_id":"CAACAgUAAxUAAWicSCLXRryFJesywgABIH8RTKu4BAAC6AUAAuUpuFfeZYYv84RIxjYE","file_unique_id":"AgAD6AUAAuUpuFc","file_size":12076},{"width":512,"height":388,"emoji":"⭐️","set_name":"shenmoshitiezhi2","is_animated":false,"is_video":false,"type":"regular","thumbnail":{"file_id":"AAMCBQADFQABaJxIIi_UHKyqEaulsII2Zfa-EngAAqcFAAJe57hXnEZmCz15sasBAAdtAAM2BA","file_unique_id":"AQADpwUAAl7nuFdy","file_size":11758,"width":320,"height":242},"thumb":{"file_id":"AAMCBQADFQABaJxIIi_UHKyqEaulsII2Zfa-EngAAqcFAAJe57hXnEZmCz15sasBAAdtAAM2BA","file_unique_id":"AQADpwUAAl7nuFdy","file_size":11758,"width":320,"height":242},"file_id":"CAACAgUAAxUAAWicSCIv1BysqhGrpbCCNmX2vhJ4AAKnBQACXue4V5xGZgs9ebGrNgQ","file_unique_id":"AgADpwUAAl7nuFc","file_size":20640},{"width":512,"height":512,"emoji":"⭐️","set_name":"shenmoshitiezhi2","is_animated":false,"is_video":false,"type":"regular","thumbnail":{"file_id":"AAMCBQADFQABaJxIIhRjEO0ppfZi_oIW8LW5IfIAApoGAAJB-MBXZwGc558GHcwBAAdtAAM2BA","file_unique_id":"AQADmgYAAkH4wFdy","file_size":7830,"width":320,"height":320},"thumb":{"file_id":"AAMCBQADFQABaJxIIhRjEO0ppfZi_oIW8LW5IfIAApoGAAJB-MBXZwGc558GHcwBAAdtAAM2BA","file_unique_id":"AQADmgYAAkH4wFdy","file_size":7830,"width":320,"height":320},"file_id":"CAACAgUAAxUAAWicSCIUYxDtKaX2Yv6CFvC1uSHyAAKaBgACQfjAV2cBnOefBh3MNgQ","file_unique_id":"AgADmgYAAkH4wFc","file_size":13018},{"width":512,"height":288,"emoji":"⭐️","set_name":"shenmoshitiezhi2","is_animated":false,"is_video":false,"type":"regular","thumbnail":{"file_id":"AAMCBQADFQABaJxIIsjh45SroC86d9ZETV3ATlYAAv4HAAJWurlXH9HizI9POksBAAdtAAM2BA","file_unique_id":"AQAD_gcAAla6uVdy","file_size":13406,"width":320,"height":180},"thumb":{"file_id":"AAMCBQADFQABaJxIIsjh45SroC86d9ZETV3ATlYAAv4HAAJWurlXH9HizI9POksBAAdtAAM2BA","file_unique_id":"AQAD_gcAAla6uVdy","file_size":13406,"width":320,"height":180},"file_id":"CAACAgUAAxUAAWicSCLI4eOUq6AvOnfWRE1dwE5WAAL-BwACVrq5Vx_R4syPTzpLNgQ","file_unique_id":"AgAD_gcAAla6uVc","file_size":25610},{"width":512,"height":375,"emoji":"⭐️","set_name":"shenmoshitiezhi2","is_animated":false,"is_video":false,"type":"regular","thumbnail":{"file_id":"AAMCBQADFQABaJxIIj4vAAFPPp10CzhkVd4Ji8pGAAKIDAACb3LYVxB3x483SzkBAQAHbQADNgQ","file_unique_id":"AQADiAwAAm9y2Fdy","file_size":13774,"width":320,"height":234},"thumb":{"file_id":"AAMCBQADFQABaJxIIj4vAAFPPp10CzhkVd4Ji8pGAAKIDAACb3LYVxB3x483SzkBAQAHbQADNgQ","file_unique_id":"AQADiAwAAm9y2Fdy","file_size":13774,"width":320,"height":234},"file_id":"CAACAgUAAxUAAWicSCI-LwABTz6ddAs4ZFXeCYvKRgACiAwAAm9y2FcQd8ePN0s5ATYE","file_unique_id":"AgADiAwAAm9y2Fc","file_size":26210},{"width":512,"height":493,"emoji":"⭐️","set_name":"shenmoshitiezhi2","is_animated":false,"is_video":false,"type":"regular","thumbnail":{"file_id":"AAMCBQADFQABaJxIIrC1i9coPWJkWVw7v03wMs0AAogHAAJJmthXC7IZ8Kwwd0wBAAdtAAM2BA","file_unique_id":"AQADiAcAAkma2Fdy","file_size":6612,"width":320,"height":308},"thumb":{"file_id":"AAMCBQADFQABaJxIIrC1i9coPWJkWVw7v03wMs0AAogHAAJJmthXC7IZ8Kwwd0wBAAdtAAM2BA","file_unique_id":"AQADiAcAAkma2Fdy","file_size":6612,"width":320,"height":308},"file_id":"CAACAgUAAxUAAWicSCKwtYvXKD1iZFlcO79N8DLNAAKIBwACSZrYVwuyGfCsMHdMNgQ","file_unique_id":"AgADiAcAAkma2Fc","file_size":12156},{"width":512,"height":143,"emoji":"⭐️","set_name":"shenmoshitiezhi2","is_animated":false,"is_video":false,"type":"regular","thumbnail":{"file_id":"AAMCBQADFQABaJxIIkAXTz2JdBYw4JPoF9uIRFsAAn4GAAJ1weFX6EkQ-zxw4JkBAAdtAAM2BA","file_unique_id":"AQADfgYAAnXB4Vdy","file_size":2366,"width":320,"height":89},"thumb":{"file_id":"AAMCBQADFQABaJxIIkAXTz2JdBYw4JPoF9uIRFsAAn4GAAJ1weFX6EkQ-zxw4JkBAAdtAAM2BA","file_unique_id":"AQADfgYAAnXB4Vdy","file_size":2366,"width":320,"height":89},"file_id":"CAACAgUAAxUAAWicSCJAF089iXQWMOCT6BfbiERbAAJ-BgACdcHhV-hJEPs8cOCZNgQ","file_unique_id":"AgADfgYAAnXB4Vc","file_size":3984},{"width":512,"height":475,"emoji":"⭐️","set_name":"shenmoshitiezhi2","is_animated":false,"is_video":false,"type":"regular","thumbnail":{"file_id":"AAMCBQADFQABaJxIIiTQlAABv5ycT8CWo7HEFuqHAAKICAAC2t_oV5rMEBaOUS3GAQAHbQADNgQ","file_unique_id":"AQADiAgAAtrf6Fdy","file_size":3672,"width":320,"height":297},"thumb":{"file_id":"AAMCBQADFQABaJxIIiTQlAABv5ycT8CWo7HEFuqHAAKICAAC2t_oV5rMEBaOUS3GAQAHbQADNgQ","file_unique_id":"AQADiAgAAtrf6Fdy","file_size":3672,"width":320,"height":297},"file_id":"CAACAgUAAxUAAWicSCIk0JQAAb-cnE_AlqOxxBbqhwACiAgAAtrf6FeazBAWjlEtxjYE","file_unique_id":"AgADiAgAAtrf6Fc","file_size":6188},{"width":512,"height":400,"emoji":"⭐️","set_name":"shenmoshitiezhi2","is_animated":false,"is_video":false,"type":"regular","thumbnail":{"file_id":"AAMCBQADFQABaJxIInhUelR7tfAPEWkPcYE08t0AAqcHAAIlBOhXOwvk2IVyjSABAAdtAAM2BA","file_unique_id":"AQADpwcAAiUE6Fdy","file_size":6034,"width":320,"height":250},"thumb":{"file_id":"AAMCBQADFQABaJxIInhUelR7tfAPEWkPcYE08t0AAqcHAAIlBOhXOwvk2IVyjSABAAdtAAM2BA","file_unique_id":"AQADpwcAAiUE6Fdy","file_size":6034,"width":320,"height":250},"file_id":"CAACAgUAAxUAAWicSCJ4VHpUe7XwDxFpD3GBNPLdAAKnBwACJQToVzsL5NiFco0gNgQ","file_unique_id":"AgADpwcAAiUE6Fc","file_size":9306},{"width":512,"height":512,"emoji":"⭐️","set_name":"shenmoshitiezhi2","is_animated":false,"is_video":false,"type":"regular","thumbnail":{"file_id":"AAMCBQADFQABaJxIIrEwE3CRXirjSi6-vJKtgs4AAksIAAJwdglULEF_dmGnvTkBAAdtAAM2BA","file_unique_id":"AQADSwgAAnB2CVRy","file_size":10476,"width":320,"height":320},"thumb":{"file_id":"AAMCBQADFQABaJxIIrEwE3CRXirjSi6-vJKtgs4AAksIAAJwdglULEF_dmGnvTkBAAdtAAM2BA","file_unique_id":"AQADSwgAAnB2CVRy","file_size":10476,"width":320,"height":320},"file_id":"CAACAgUAAxUAAWicSCKxMBNwkV4q40ouvrySrYLOAAJLCAACcHYJVCxBf3Zhp705NgQ","file_unique_id":"AgADSwgAAnB2CVQ","file_size":18102},{"width":512,"height":424,"emoji":"⭐️","set_name":"shenmoshitiezhi2","is_animated":false,"is_video":false,"type":"regular","thumbnail":{"file_id":"AAMCBQADFQABaJxIIsLnCIZ3_j6QvvwEDOybGzQAAjgHAAIm_BFU9Z4bUaUY1mgBAAdtAAM2BA","file_unique_id":"AQADOAcAAib8EVRy","file_size":6970,"width":320,"height":265},"thumb":{"file_id":"AAMCBQADFQABaJxIIsLnCIZ3_j6QvvwEDOybGzQAAjgHAAIm_BFU9Z4bUaUY1mgBAAdtAAM2BA","file_unique_id":"AQADOAcAAib8EVRy","file_size":6970,"width":320,"height":265},"file_id":"CAACAgUAAxUAAWicSCLC5wiGd_4-kL78BAzsmxs0AAI4BwACJvwRVPWeG1GlGNZoNgQ","file_unique_id":"AgADOAcAAib8EVQ","file_size":10838},{"width":512,"height":384,"emoji":"⭐️","set_name":"shenmoshitiezhi2","is_animated":false,"is_video":false,"type":"regular","thumbnail":{"file_id":"AAMCBQADFQABaJxIIlsgUxPc_c3ReEyj7col2iQAAuYGAAJVNBhUgefapz1-78sBAAdtAAM2BA","file_unique_id":"AQAD5gYAAlU0GFRy","file_size":2546,"width":320,"height":240},"thumb":{"file_id":"AAMCBQADFQABaJxIIlsgUxPc_c3ReEyj7col2iQAAuYGAAJVNBhUgefapz1-78sBAAdtAAM2BA","file_unique_id":"AQAD5gYAAlU0GFRy","file_size":2546,"width":320,"height":240},"file_id":"CAACAgUAAxUAAWicSCJbIFMT3P3N0XhMo-3KJdokAALmBgACVTQYVIHn2qc9fu_LNgQ","file_unique_id":"AgAD5gYAAlU0GFQ","file_size":3912},{"width":512,"height":256,"emoji":"⭐️","set_name":"shenmoshitiezhi2","is_animated":false,"is_video":false,"type":"regular","thumbnail":{"file_id":"AAMCBQADFQABaJxIInTtyFukzxLYvOPwxyX33LcAAqkHAAIowhlUrq0V01KKoskBAAdtAAM2BA","file_unique_id":"AQADqQcAAijCGVRy","file_size":4680,"width":320,"height":160},"thumb":{"file_id":"AAMCBQADFQABaJxIInTtyFukzxLYvOPwxyX33LcAAqkHAAIowhlUrq0V01KKoskBAAdtAAM2BA","file_unique_id":"AQADqQcAAijCGVRy","file_size":4680,"width":320,"height":160},"file_id":"CAACAgUAAxUAAWicSCJ07chbpM8S2Lzj8Mcl99y3AAKpBwACKMIZVK6tFdNSiqLJNgQ","file_unique_id":"AgADqQcAAijCGVQ","file_size":6870},{"width":512,"height":317,"emoji":"⭐️","set_name":"shenmoshitiezhi2","is_animated":false,"is_video":false,"type":"regular","thumbnail":{"file_id":"AAMCBQADFQABaJxIIqzlAAE42hJCiBrEyxgPohzQAAL-BwACnnIhVC8gtwnKiES-AQAHbQADNgQ","file_unique_id":"AQAD_gcAAp5yIVRy","file_size":5832,"width":320,"height":198},"thumb":{"file_id":"AAMCBQADFQABaJxIIqzlAAE42hJCiBrEyxgPohzQAAL-BwACnnIhVC8gtwnKiES-AQAHbQADNgQ","file_unique_id":"AQAD_gcAAp5yIVRy","file_size":5832,"width":320,"height":198},"file_id":"CAACAgUAAxUAAWicSCKs5QABONoSQogaxMsYD6Ic0AAC_gcAAp5yIVQvILcJyohEvjYE","file_unique_id":"AgAD_gcAAp5yIVQ","file_size":8424},{"width":481,"height":512,"emoji":"⭐","set_name":"shenmoshitiezhi2","is_animated":false,"is_video":false,"type":"regular","thumbnail":{"file_id":"AAMCBQADFQABaJxIIkhXt3YgF-VPPBINVH3a2QYAAtcGAAI_LiBUI4zBNF3ueqQBAAdtAAM2BA","file_unique_id":"AQAD1wYAAj8uIFRy","file_size":4020,"width":301,"height":320},"thumb":{"file_id":"AAMCBQADFQABaJxIIkhXt3YgF-VPPBINVH3a2QYAAtcGAAI_LiBUI4zBNF3ueqQBAAdtAAM2BA","file_unique_id":"AQAD1wYAAj8uIFRy","file_size":4020,"width":301,"height":320},"file_id":"CAACAgUAAxUAAWicSCJIV7d2IBflTzwSDVR92tkGAALXBgACPy4gVCOMwTRd7nqkNgQ","file_unique_id":"AgAD1wYAAj8uIFQ","file_size":6764},{"width":512,"height":305,"emoji":"⭐","set_name":"shenmoshitiezhi2","is_animated":false,"is_video":false,"type":"regular","thumbnail":{"file_id":"AAMCBQADFQABaJxIIht0t38iBGmWnr1HNTTzfmQAAuoHAAJX_xhUB0gIbilTIMEBAAdtAAM2BA","file_unique_id":"AQAD6gcAAlf_GFRy","file_size":3570,"width":320,"height":191},"thumb":{"file_id":"AAMCBQADFQABaJxIIht0t38iBGmWnr1HNTTzfmQAAuoHAAJX_xhUB0gIbilTIMEBAAdtAAM2BA","file_unique_id":"AQAD6gcAAlf_GFRy","file_size":3570,"width":320,"height":191},"file_id":"CAACAgUAAxUAAWicSCIbdLd_IgRplp69RzU0835kAALqBwACV_8YVAdICG4pUyDBNgQ","file_unique_id":"AgAD6gcAAlf_GFQ","file_size":5560},{"width":376,"height":512,"emoji":"⭐","set_name":"shenmoshitiezhi2","is_animated":false,"is_video":false,"type":"regular","thumbnail":{"file_id":"AAMCBQADFQABaJxIInjIwFHCOMON_xpxehWLunoAArgHAALBWRhUmowXk6tyOQYBAAdtAAM2BA","file_unique_id":"AQADuAcAAsFZGFRy","file_size":4432,"width":235,"height":320},"thumb":{"file_id":"AAMCBQADFQABaJxIInjIwFHCOMON_xpxehWLunoAArgHAALBWRhUmowXk6tyOQYBAAdtAAM2BA","file_unique_id":"AQADuAcAAsFZGFRy","file_size":4432,"width":235,"height":320},"file_id":"CAACAgUAAxUAAWicSCJ4yMBRwjjDjf8acXoVi7p6AAK4BwACwVkYVJqMF5OrcjkGNgQ","file_unique_id":"AgADuAcAAsFZGFQ","file_size":7460},{"width":466,"height":512,"emoji":"⭐","set_name":"shenmoshitiezhi2","is_animated":false,"is_video":false,"type":"regular","thumbnail":{"file_id":"AAMCBQADFQABaJxIIoUdkYlCcDxh1ILrSvdzzsYAAlgHAAKrVCBURAaw9ECdqFYBAAdtAAM2BA","file_unique_id":"AQADWAcAAqtUIFRy","file_size":10554,"width":291,"height":320},"thumb":{"file_id":"AAMCBQADFQABaJxIIoUdkYlCcDxh1ILrSvdzzsYAAlgHAAKrVCBURAaw9ECdqFYBAAdtAAM2BA","file_unique_id":"AQADWAcAAqtUIFRy","file_size":10554,"width":291,"height":320},"file_id":"CAACAgUAAxUAAWicSCKFHZGJQnA8YdSC60r3c87GAAJYBwACq1QgVEQGsPRAnahWNgQ","file_unique_id":"AgADWAcAAqtUIFQ","file_size":15376},{"width":396,"height":512,"emoji":"⭐","set_name":"shenmoshitiezhi2","is_animated":false,"is_video":false,"type":"regular","thumbnail":{"file_id":"AAMCBQADFQABaJxIIsqFlnPEldor1x0Hp1BZlHwAAkQIAAIvfCBUw9_U9pGlLsEBAAdtAAM2BA","file_unique_id":"AQADRAgAAi98IFRy","file_size":4684,"width":247,"height":320},"thumb":{"file_id":"AAMCBQADFQABaJxIIsqFlnPEldor1x0Hp1BZlHwAAkQIAAIvfCBUw9_U9pGlLsEBAAdtAAM2BA","file_unique_id":"AQADRAgAAi98IFRy","file_size":4684,"width":247,"height":320},"file_id":"CAACAgUAAxUAAWicSCLKhZZzxJXaK9cdB6dQWZR8AAJECAACL3wgVMPf1PaRpS7BNgQ","file_unique_id":"AgADRAgAAi98IFQ","file_size":7472},{"width":512,"height":512,"emoji":"⭐️","set_name":"shenmoshitiezhi2","is_animated":false,"is_video":false,"type":"regular","thumbnail":{"file_id":"AAMCBQADFQABaJxIIkOzH7FHaT1T4PJMua27BmMAAoEIAAJRTiFU32cBJKdTh-wBAAdtAAM2BA","file_unique_id":"AQADgQgAAlFOIVRy","file_size":13300,"width":320,"height":320},"thumb":{"file_id":"AAMCBQADFQABaJxIIkOzH7FHaT1T4PJMua27BmMAAoEIAAJRTiFU32cBJKdTh-wBAAdtAAM2BA","file_unique_id":"AQADgQgAAlFOIVRy","file_size":13300,"width":320,"height":320},"file_id":"CAACAgUAAxUAAWicSCJDsx-xR2k9U-DyTLmtuwZjAAKBCAACUU4hVN9nASSnU4fsNgQ","file_unique_id":"AgADgQgAAlFOIVQ","file_size":22140}]}
