{"name":"muzimi66","title":"若叶睦@muzimi2","thumbnail":{"file_id":"AAQFABMJAAP0_z__ilCOHJSw-J5ccMtZFFTinDYE","file_unique_id":"AQADAvT_P_-KUI4cFFTinA","file_size":22356,"width":100,"height":100},"thumb":{"file_id":"AAQFABMJAAP0_z__ilCOHJSw-J5ccMtZFFTinDYE","file_unique_id":"AQADAvT_P_-KUI4cFFTinA","file_size":22356,"width":100,"height":100},"sticker_type":"regular","contains_masks":false,"stickers":[{"width":512,"height":512,"emoji":"😲","set_name":"muzimi66","is_animated":false,"is_video":true,"type":"regular","thumbnail":{"file_id":"AAMCBQADFQABaJxAdqMam8ciu0aczFa7SiEIotkAAl4SAAKWBRBWb0DzN1hBNd0BAAdtAAM2BA","file_unique_id":"AQADXhIAApYFEFZy","file_size":15004,"width":320,"height":320},"thumb":{"file_id":"AAMCBQADFQABaJxAdqMam8ciu0aczFa7SiEIotkAAl4SAAKWBRBWb0DzN1hBNd0BAAdtAAM2BA","file_unique_id":"AQADXhIAApYFEFZy","file_size":15004,"width":320,"height":320},"file_id":"CAACAgUAAxUAAWicQHajGpvHIrtGnMxWu0ohCKLZAAJeEgAClgUQVm9A8zdYQTXdNgQ","file_unique_id":"AgADXhIAApYFEFY","file_size":224460},{"width":512,"height":512,"emoji":"😭","set_name":"muzimi66","is_animated":false,"is_video":true,"type":"regular","thumbnail":{"file_id":"AAMCBQADFQABaJxAds7xYrgLnp0qmuniELl73tIAAlIWAALkRxBWdj3lBXjyay4BAAdtAAM2BA","file_unique_id":"AQADUhYAAuRHEFZy","file_size":16440,"width":320,"height":320},"thumb":{"file_id":"AAMCBQADFQABaJxAds7xYrgLnp0qmuniELl73tIAAlIWAALkRxBWdj3lBXjyay4BAAdtAAM2BA","file_unique_id":"AQADUhYAAuRHEFZy","file_size":16440,"width":320,"height":320},"file_id":"CAACAgUAAxUAAWicQHbO8WK4C56dKprp4hC5e97SAAJSFgAC5EcQVnY95QV48msuNgQ","file_unique_id":"AgADUhYAAuRHEFY","file_size":220720},{"width":512,"height":512,"emoji":"🤤","set_name":"muzimi66","is_animated":false,"is_video":true,"type":"regular","thumbnail":{"file_id":"AAMCBQADGQEAAwxonEBywLkp4EQ86Vo8x_SPXQnnCQAC6BkAAjKJEVbcdMjb7mfIYwEAB20AAzYE","file_unique_id":"AQAD6BkAAjKJEVZy","file_size":16472,"width":320,"height":320},"thumb":{"file_id":"AAMCBQADGQEAAwxonEBywLkp4EQ86Vo8x_SPXQnnCQAC6BkAAjKJEVbcdMjb7mfIYwEAB20AAzYE","file_unique_id":"AQAD6BkAAjKJEVZy","file_size":16472,"width":320,"height":320},"file_id":"CAACAgUAAxkBAAMMaJxAcsC5KeBEPOlaPMf0j10J5wkAAugZAAIyiRFW3HTI2-5nyGM2BA","file_unique_id":"AgAD6BkAAjKJEVY","file_size":158169},{"width":512,"height":512,"emoji":"🤔","set_name":"muzimi66","is_animated":false,"is_video":true,"type":"regular","thumbnail":{"file_id":"AAMCBQADFQABaJxAdk6XsHNAZuNkj0GErMiSljYAAnMYAAKaRBBWv0NJPU5uVD4BAAdtAAM2BA","file_unique_id":"AQADcxgAAppEEFZy","file_size":16604,"width":320,"height":320},"thumb":{"file_id":"AAMCBQADFQABaJxAdk6XsHNAZuNkj0GErMiSljYAAnMYAAKaRBBWv0NJPU5uVD4BAAdtAAM2BA","file_unique_id":"AQADcxgAAppEEFZy","file_size":16604,"width":320,"height":320},"file_id":"CAACAgUAAxUAAWicQHZOl7BzQGbjZI9BhKzIkpY2AAJzGAACmkQQVr9DST1OblQ-NgQ","file_unique_id":"AgADcxgAAppEEFY","file_size":221401},{"width":512,"height":512,"emoji":"🥰","set_name":"muzimi66","is_animated":false,"is_video":true,"type":"regular","thumbnail":{"file_id":"AAMCBQADFQABaJxAdll2tm2yjoLCyHgitqfPWRMAApgUAAIoixBWv50_cilER4oBAAdtAAM2BA","file_unique_id":"AQADmBQAAiiLEFZy","file_size":18252,"width":320,"height":320},"thumb":{"file_id":"AAMCBQADFQABaJxAdll2tm2yjoLCyHgitqfPWRMAApgUAAIoixBWv50_cilER4oBAAdtAAM2BA","file_unique_id":"AQADmBQAAiiLEFZy","file_size":18252,"width":320,"height":320},"file_id":"CAACAgUAAxUAAWicQHZZdrZtso6Cwsh4Iranz1kTAAKYFAACKIsQVr-dP3IpREeKNgQ","file_unique_id":"AgADmBQAAiiLEFY","file_size":187801},{"width":512,"height":512,"emoji":"💯","set_name":"muzimi66","is_animated":false,"is_video":true,"type":"regular","thumbnail":{"file_id":"AAMCBQADFQABaJxAdlx2Ai_INBV-qQNPV0V2N5gAAlgSAAKU3RBWX_teiTXrSzkBAAdtAAM2BA","file_unique_id":"AQADWBIAApTdEFZy","file_size":17858,"width":320,"height":320},"thumb":{"file_id":"AAMCBQADFQABaJxAdlx2Ai_INBV-qQNPV0V2N5gAAlgSAAKU3RBWX_teiTXrSzkBAAdtAAM2BA","file_unique_id":"AQADWBIAApTdEFZy","file_size":17858,"width":320,"height":320},"file_id":"CAACAgUAAxUAAWicQHZcdgIvyDQVfqkDT1dFdjeYAAJYEgAClN0QVl_7Xok160s5NgQ","file_unique_id":"AgADWBIAApTdEFY","file_size":166494},{"width":512,"height":512,"emoji":"👏","set_name":"muzimi66","is_animated":false,"is_video":true,"type":"regular","thumbnail":{"file_id":"AAMCBQADFQABaJxAdoZ75doTwzHQvfL1MutpIroAArwTAAIwGxBWB7zNuLGs1iwBAAdtAAM2BA","file_unique_id":"AQADvBMAAjAbEFZy","file_size":16242,"width":320,"height":320},"thumb":{"file_id":"AAMCBQADFQABaJxAdoZ75doTwzHQvfL1MutpIroAArwTAAIwGxBWB7zNuLGs1iwBAAdtAAM2BA","file_unique_id":"AQADvBMAAjAbEFZy","file_size":16242,"width":320,"height":320},"file_id":"CAACAgUAAxUAAWicQHaGe-XaE8Mx0L3y9TLraSK6AAK8EwACMBsQVge8zbixrNYsNgQ","file_unique_id":"AgADvBMAAjAbEFY","file_size":156579},{"width":512,"height":512,"emoji":"👍","set_name":"muzimi66","is_animated":false,"is_video":true,"type":"regular","thumbnail":{"file_id":"AAMCBQADFQABaJxAdsO8vvlBJR62X4o4usR2xbkAAjoSAALciRFW563owRkcHbEBAAdtAAM2BA","file_unique_id":"AQADOhIAAtyJEVZy","file_size":18314,"width":320,"height":320},"thumb":{"file_id":"AAMCBQADFQABaJxAdsO8vvlBJR62X4o4usR2xbkAAjoSAALciRFW563owRkcHbEBAAdtAAM2BA","file_unique_id":"AQADOhIAAtyJEVZy","file_size":18314,"width":320,"height":320},"file_id":"CAACAgUAAxUAAWicQHbDvL75QSUetl-KOLrEdsW5AAI6EgAC3IkRVuet6MEZHB2xNgQ","file_unique_id":"AgADOhIAAtyJEVY","file_size":171815},{"width":512,"height":512,"emoji":"😯","set_name":"muzimi66","is_animated":false,"is_video":true,"type":"regular","thumbnail":{"file_id":"AAMCBQADFQABaJxAdpdebGK64St2JP2yzVibCVUAAkMXAAJQTRBWaOla_thA4I4BAAdtAAM2BA","file_unique_id":"AQADQxcAAlBNEFZy","file_size":15590,"width":320,"height":320},"thumb":{"file_id":"AAMCBQADFQABaJxAdpdebGK64St2JP2yzVibCVUAAkMXAAJQTRBWaOla_thA4I4BAAdtAAM2BA","file_unique_id":"AQADQxcAAlBNEFZy","file_size":15590,"width":320,"height":320},"file_id":"CAACAgUAAxUAAWicQHaXXmxiuuErdiT9ss1YmwlVAAJDFwACUE0QVmjpWv7YQOCONgQ","file_unique_id":"AgADQxcAAlBNEFY","file_size":172772},{"width":512,"height":512,"emoji":"😭","set_name":"muzimi66","is_animated":false,"is_video":true,"type":"regular","thumbnail":{"file_id":"AAMCBQADFQABaJxAdmTjSLp2WyLAap8akASuM-AAAi0TAAJz0BFWnt7H5j0LlegBAAdtAAM2BA","file_unique_id":"AQADLRMAAnPQEVZy","file_size":14312,"width":320,"height":320},"thumb":{"file_id":"AAMCBQADFQABaJxAdmTjSLp2WyLAap8akASuM-AAAi0TAAJz0BFWnt7H5j0LlegBAAdtAAM2BA","file_unique_id":"AQADLRMAAnPQEVZy","file_size":14312,"width":320,"height":320},"file_id":"CAACAgUAAxUAAWicQHZk40i6dlsiwGqfGpAErjPgAAItEwACc9ARVp7ex-Y9C5XoNgQ","file_unique_id":"AgADLRMAAnPQEVY","file_size":147241},{"width":512,"height":512,"emoji":"😫","set_name":"muzimi66","is_animated":false,"is_video":true,"type":"regular","thumbnail":{"file_id":"AAMCBQADFQABaJxAdh7zz1WvzdwcPs1W1re1OhgAAuMSAAKsZxFWpiT5F6WKHkQBAAdtAAM2BA","file_unique_id":"AQAD4xIAAqxnEVZy","file_size":16416,"width":320,"height":320},"thumb":{"file_id":"AAMCBQADFQABaJxAdh7zz1WvzdwcPs1W1re1OhgAAuMSAAKsZxFWpiT5F6WKHkQBAAdtAAM2BA","file_unique_id":"AQAD4xIAAqxnEVZy","file_size":16416,"width":320,"height":320},"file_id":"CAACAgUAAxUAAWicQHYe889Vr83cHD7NVta3tToYAALjEgACrGcRVqYk-Relih5ENgQ","file_unique_id":"AgAD4xIAAqxnEVY","file_size":171831},{"width":512,"height":512,"emoji":"😮‍💨","set_name":"muzimi66","is_animated":false,"is_video":true,"type":"regular","thumbnail":{"file_id":"AAMCBQADFQABaJxAdqXQqZdtLrEhPpU-mDLUkl0AAkARAALQahhWzr8BxLwcJk0BAAdtAAM2BA","file_unique_id":"AQADQBEAAtBqGFZy","file_size":14032,"width":320,"height":320},"thumb":{"file_id":"AAMCBQADFQABaJxAdqXQqZdtLrEhPpU-mDLUkl0AAkARAALQahhWzr8BxLwcJk0BAAdtAAM2BA","file_unique_id":"AQADQBEAAtBqGFZy","file_size":14032,"width":320,"height":320},"file_id":"CAACAgUAAxUAAWicQHal0KmXbS6xIT6VPpgy1JJdAAJAEQAC0GoYVs6_AcS8HCZNNgQ","file_unique_id":"AgADQBEAAtBqGFY","file_size":154860},{"width":512,"height":512,"emoji":"😠","set_name":"muzimi66","is_animated":false,"is_video":true,"type":"regular","thumbnail":{"file_id":"AAMCBQADFQABaJxAdu4KvRQPNb08dsoeX_D4TV4AAqsWAALnlhFWRSDA8ju1OpsBAAdtAAM2BA","file_unique_id":"AQADqxYAAueWEVZy","file_size":16702,"width":320,"height":320},"thumb":{"file_id":"AAMCBQADFQABaJxAdu4KvRQPNb08dsoeX_D4TV4AAqsWAALnlhFWRSDA8ju1OpsBAAdtAAM2BA","file_unique_id":"AQADqxYAAueWEVZy","file_size":16702,"width":320,"height":320},"file_id":"CAACAgUAAxUAAWicQHbuCr0UDzW9PHbKHl_w-E1eAAKrFgAC55YRVkUgwPI7tTqbNgQ","file_unique_id":"AgADqxYAAueWEVY","file_size":159119},{"width":512,"height":512,"emoji":"😡","set_name":"muzimi66","is_animated":false,"is_video":true,"type":"regular","thumbnail":{"file_id":"AAMCBQADFQABaJxAduncet9VttWBBcEZEkA1p3YAAl4UAAIBVRFWwZzT4garxi8BAAdtAAM2BA","file_unique_id":"AQADXhQAAgFVEVZy","file_size":14686,"width":320,"height":320},"thumb":{"file_id":"AAMCBQADFQABaJxAduncet9VttWBBcEZEkA1p3YAAl4UAAIBVRFWwZzT4garxi8BAAdtAAM2BA","file_unique_id":"AQADXhQAAgFVEVZy","file_size":14686,"width":320,"height":320},"file_id":"CAACAgUAAxUAAWicQHbp3HrfVbbVgQXBGRJANad2AAJeFAACAVURVsGc0-IGq8YvNgQ","file_unique_id":"AgADXhQAAgFVEVY","file_size":169437},{"width":512,"height":512,"emoji":"😩","set_name":"muzimi66","is_animated":false,"is_video":true,"type":"regular","thumbnail":{"file_id":"AAMCBQADFQABaJxAdi9FR5tNOHoP2RZ3RdpfTKUAAmAVAALRDBFWYTu8JAABHF1ZAQAHbQADNgQ","file_unique_id":"AQADYBUAAtEMEVZy","file_size":16818,"width":320,"height":320},"thumb":{"file_id":"AAMCBQADFQABaJxAdi9FR5tNOHoP2RZ3RdpfTKUAAmAVAALRDBFWYTu8JAABHF1ZAQAHbQADNgQ","file_unique_id":"AQADYBUAAtEMEVZy","file_size":16818,"width":320,"height":320},"file_id":"CAACAgUAAxUAAWicQHYvRUebTTh6D9kWd0XaX0ylAAJgFQAC0QwRVmE7vCQAARxdWTYE","file_unique_id":"AgADYBUAAtEMEVY","file_size":166278},{"width":512,"height":512,"emoji":"👀","set_name":"muzimi66","is_animated":false,"is_video":true,"type":"regular","thumbnail":{"file_id":"AAMCBQADFQABaJxAdrdaCyuA-KBXLncOrd3UPykAAmEVAAI02RBWIBlQv5guIlQBAAdtAAM2BA","file_unique_id":"AQADYRUAAjTZEFZy","file_size":13264,"width":320,"height":320},"thumb":{"file_id":"AAMCBQADFQABaJxAdrdaCyuA-KBXLncOrd3UPykAAmEVAAI02RBWIBlQv5guIlQBAAdtAAM2BA","file_unique_id":"AQADYRUAAjTZEFZy","file_size":13264,"width":320,"height":320},"file_id":"CAACAgUAAxUAAWicQHa3WgsrgPigVy53Dq3d1D8pAAJhFQACNNkQViAZUL-YLiJUNgQ","file_unique_id":"AgADYRUAAjTZEFY","file_size":147411},{"width":512,"height":512,"emoji":"😇","set_name":"muzimi66","is_animated":false,"is_video":true,"type":"regular","thumbnail":{"file_id":"AAMCBQADFQABaJxAdoI0Y-vKWjOIBsklrCBESlwAAgQTAAKDtxFWeuiRFSOQwtcBAAdtAAM2BA","file_unique_id":"AQADBBMAAoO3EVZy","file_size":11060,"width":320,"height":320},"thumb":{"file_id":"AAMCBQADFQABaJxAdoI0Y-vKWjOIBsklrCBESlwAAgQTAAKDtxFWeuiRFSOQwtcBAAdtAAM2BA","file_unique_id":"AQADBBMAAoO3EVZy","file_size":11060,"width":320,"height":320},"file_id":"CAACAgUAAxUAAWicQHaCNGPryloziAbJJawgREpcAAIEEwACg7cRVnrokRUjkMLXNgQ","file_unique_id":"AgADBBMAAoO3EVY","file_size":168293},{"width":512,"height":512,"emoji":"😇","set_name":"muzimi66","is_animated":false,"is_video":true,"type":"regular","thumbnail":{"file_id":"AAMCBQADFQABaJxAdq_Aed6dz8Je4hzu3ncHVQ4AAnQYAAJDpxhWg6jGPQZe9RABAAdtAAM2BA","file_unique_id":"AQADdBgAAkOnGFZy","file_size":15656,"width":320,"height":320},"thumb":{"file_id":"AAMCBQADFQABaJxAdq_Aed6dz8Je4hzu3ncHVQ4AAnQYAAJDpxhWg6jGPQZe9RABAAdtAAM2BA","file_unique_id":"AQADdBgAAkOnGFZy","file_size":15656,"width":320,"height":320},"file_id":"CAACAgUAAxUAAWicQHavwHnenc_CXuIc7t53B1UOAAJ0GAACQ6cYVoOoxj0GXvUQNgQ","file_unique_id":"AgADdBgAAkOnGFY","file_size":153336},{"width":512,"height":512,"emoji":"🥹","set_name":"muzimi66","is_animated":false,"is_video":true,"type":"regular","thumbnail":{"file_id":"AAMCBQADFQABaJxAdtzISKv9JRvpRyh0qIb0HwgAAikXAAJ2iRBW9zm72WAPGbQBAAdtAAM2BA","file_unique_id":"AQADKRcAAnaJEFZy","file_size":14652,"width":320,"height":320},"thumb":{"file_id":"AAMCBQADFQABaJxAdtzISKv9JRvpRyh0qIb0HwgAAikXAAJ2iRBW9zm72WAPGbQBAAdtAAM2BA","file_unique_id":"AQADKRcAAnaJEFZy","file_size":14652,"width":320,"height":320},"file_id":"CAACAgUAAxUAAWicQHbcyEir_SUb6UcodKiG9B8IAAIpFwACdokQVvc5u9lgDxm0NgQ","file_unique_id":"AgADKRcAAnaJEFY","file_size":155705},{"width":512,"height":512,"emoji":"🥰","set_name":"muzimi66","is_animated":false,"is_video":true,"type":"regular","thumbnail":{"file_id":"AAMCBQADFQABaJxAdiCXlpHBOjpZUT8wdYBqRPgAAjcWAAKnWRlWkDXV0RFEYj8BAAdtAAM2BA","file_unique_id":"AQADNxYAAqdZGVZy","file_size":15934,"width":320,"height":320},"thumb":{"file_id":"AAMCBQADFQABaJxAdiCXlpHBOjpZUT8wdYBqRPgAAjcWAAKnWRlWkDXV0RFEYj8BAAdtAAM2BA","file_unique_id":"AQADNxYAAqdZGVZy","file_size":15934,"width":320,"height":320},"file_id":"CAACAgUAAxUAAWicQHYgl5aRwTo6WVE_MHWAakT4AAI3FgACp1kZVpA11dERRGI_NgQ","file_unique_id":"AgADNxYAAqdZGVY","file_size":160479},{"width":512,"height":512,"emoji":"🤔","set_name":"muzimi66","is_animated":false,"is_video":true,"type":"regular","thumbnail":{"file_id":"AAMCBQADFQABaJxAdiYCL5T3HDssTmOLadPMfMcAAn8VAAJX4xlWUb2pKxl5LNEBAAdtAAM2BA","file_unique_id":"AQADfxUAAlfjGVZy","file_size":16260,"width":320,"height":320},"thumb":{"file_id":"AAMCBQADFQABaJxAdiYCL5T3HDssTmOLadPMfMcAAn8VAAJX4xlWUb2pKxl5LNEBAAdtAAM2BA","file_unique_id":"AQADfxUAAlfjGVZy","file_size":16260,"width":320,"height":320},"file_id":"CAACAgUAAxUAAWicQHYmAi-U9xw7LE5ji2nTzHzHAAJ_FQACV-MZVlG9qSsZeSzRNgQ","file_unique_id":"AgADfxUAAlfjGVY","file_size":159820},{"width":512,"height":512,"emoji":"🥳","set_name":"muzimi66","is_animated":false,"is_video":true,"type":"regular","thumbnail":{"file_id":"AAMCBQADFQABaJxAduGh2g--7f3Ylit4QkWUji8AAjkRAALCoBBWUrs8btCJ3QgBAAdtAAM2BA","file_unique_id":"AQADOREAAsKgEFZy","file_size":16918,"width":320,"height":320},"thumb":{"file_id":"AAMCBQADFQABaJxAduGh2g--7f3Ylit4QkWUji8AAjkRAALCoBBWUrs8btCJ3QgBAAdtAAM2BA","file_unique_id":"AQADOREAAsKgEFZy","file_size":16918,"width":320,"height":320},"file_id":"CAACAgUAAxUAAWicQHbhodoPvu392JYreEJFlI4vAAI5EQACwqAQVlK7PG7Qid0INgQ","file_unique_id":"AgADOREAAsKgEFY","file_size":178776},{"width":512,"height":512,"emoji":"😭","set_name":"muzimi66","is_animated":false,"is_video":true,"type":"regular","thumbnail":{"file_id":"AAMCBQADFQABaJxAdi64Wsh4vsZodIk-nKXFfRoAAo4UAAKbBxhW1MQ6ueAPuogBAAdtAAM2BA","file_unique_id":"AQADjhQAApsHGFZy","file_size":16602,"width":320,"height":320},"thumb":{"file_id":"AAMCBQADFQABaJxAdi64Wsh4vsZodIk-nKXFfRoAAo4UAAKbBxhW1MQ6ueAPuogBAAdtAAM2BA","file_unique_id":"AQADjhQAApsHGFZy","file_size":16602,"width":320,"height":320},"file_id":"CAACAgUAAxUAAWicQHYuuFrIeL7GaHSJPpylxX0aAAKOFAACmwcYVtTEOrngD7qINgQ","file_unique_id":"AgADjhQAApsHGFY","file_size":162026},{"width":512,"height":512,"emoji":"👀","set_name":"muzimi66","is_animated":false,"is_video":true,"type":"regular","thumbnail":{"file_id":"AAMCBQADFQABaJxAdqtRm-63yPrnDlR2nf9tmzEAAlITAAKbjhBWlnoU8qm7fe8BAAdtAAM2BA","file_unique_id":"AQADUhMAApuOEFZy","file_size":7338,"width":320,"height":320},"thumb":{"file_id":"AAMCBQADFQABaJxAdqtRm-63yPrnDlR2nf9tmzEAAlITAAKbjhBWlnoU8qm7fe8BAAdtAAM2BA","file_unique_id":"AQADUhMAApuOEFZy","file_size":7338,"width":320,"height":320},"file_id":"CAACAgUAAxUAAWicQHarUZvut8j65w5Udp3_bZsxAAJSEwACm44QVpZ6FPKpu33vNgQ","file_unique_id":"AgADUhMAApuOEFY","file_size":140856},{"width":512,"height":512,"emoji":"😖","set_name":"muzimi66","is_animated":false,"is_video":true,"type":"regular","thumbnail":{"file_id":"AAMCBQADFQABaJxAdq2DV2qCNcwMucAF2rrNMRsAAvcWAAISSxhWqfIWwfPpksoBAAdtAAM2BA","file_unique_id":"AQAD9xYAAhJLGFZy","file_size":17540,"width":320,"height":320},"thumb":{"file_id":"AAMCBQADFQABaJxAdq2DV2qCNcwMucAF2rrNMRsAAvcWAAISSxhWqfIWwfPpksoBAAdtAAM2BA","file_unique_id":"AQAD9xYAAhJLGFZy","file_size":17540,"width":320,"height":320},"file_id":"CAACAgUAAxUAAWicQHatg1dqgjXMDLnABdq6zTEbAAL3FgACEksYVqnyFsHz6ZLKNgQ","file_unique_id":"AgAD9xYAAhJLGFY","file_size":172138},{"width":512,"height":512,"emoji":"🤗","set_name":"muzimi66","is_animated":false,"is_video":true,"type":"regular","thumbnail":{"file_id":"AAMCBQADFQABaJxAdgHPsMkP2mwsFY9YfPq7opIAAvgTAAJJOhhWV8DMOmtpRz4BAAdtAAM2BA","file_unique_id":"AQAD-BMAAkk6GFZy","file_size":17570,"width":320,"height":320},"thumb":{"file_id":"AAMCBQADFQABaJxAdgHPsMkP2mwsFY9YfPq7opIAAvgTAAJJOhhWV8DMOmtpRz4BAAdtAAM2BA","file_unique_id":"AQAD-BMAAkk6GFZy","file_size":17570,"width":320,"height":320},"file_id":"CAACAgUAAxUAAWicQHYBz7DJD9psLBWPWHz6u6KSAAL4EwACSToYVlfAzDpraUc-NgQ","file_unique_id":"AgAD-BMAAkk6GFY","file_size":167606},{"width":512,"height":512,"emoji":"😘","set_name":"muzimi66","is_animated":false,"is_video":true,"type":"regular","thumbnail":{"file_id":"AAMCBQADFQABaJxAdjwolsetAAFiNO_7YQKJ4cPYAAICEwACfkwQVrlDU_eZnSXmAQAHbQADNgQ","file_unique_id":"AQADAhMAAn5MEFZy","file_size":17174,"width":320,"height":320},"thumb":{"file_id":"AAMCBQADFQABaJxAdjwolsetAAFiNO_7YQKJ4cPYAAICEwACfkwQVrlDU_eZnSXmAQAHbQADNgQ","file_unique_id":"AQADAhMAAn5MEFZy","file_size":17174,"width":320,"height":320},"file_id":"CAACAgUAAxUAAWicQHY8KJbHrQABYjTv-2ECieHD2AACAhMAAn5MEFa5Q1P3mZ0l5jYE","file_unique_id":"AgADAhMAAn5MEFY","file_size":144995},{"width":512,"height":512,"emoji":"😵","set_name":"muzimi66","is_animated":false,"is_video":true,"type":"regular","thumbnail":{"file_id":"AAMCBQADFQABaJxAdsETwFuiM5JplCJhTu1NDbwAAnIXAAIvqxBWyj_sNwhNs58BAAdtAAM2BA","file_unique_id":"AQADchcAAi-rEFZy","file_size":11784,"width":320,"height":320},"thumb":{"file_id":"AAMCBQADFQABaJxAdsETwFuiM5JplCJhTu1NDbwAAnIXAAIvqxBWyj_sNwhNs58BAAdtAAM2BA","file_unique_id":"AQADchcAAi-rEFZy","file_size":11784,"width":320,"height":320},"file_id":"CAACAgUAAxUAAWicQHbBE8BbojOSaZQiYU7tTQ28AAJyFwACL6sQVso_7DcITbOfNgQ","file_unique_id":"AgADchcAAi-rEFY","file_size":152600},{"width":512,"height":512,"emoji":"🏳️","set_name":"muzimi66","is_animated":false,"is_video":true,"type":"regular","thumbnail":{"file_id":"AAMCBQADFQABaJxAdiSm6egp9_vr5I_iWzITrhQAAj8VAAIljhBW3Gd1wPcGJgEBAAdtAAM2BA","file_unique_id":"AQADPxUAAiWOEFZy","file_size":15784,"width":320,"height":320},"thumb":{"file_id":"AAMCBQADFQABaJxAdiSm6egp9_vr5I_iWzITrhQAAj8VAAIljhBW3Gd1wPcGJgEBAAdtAAM2BA","file_unique_id":"AQADPxUAAiWOEFZy","file_size":15784,"width":320,"height":320},"file_id":"CAACAgUAAxUAAWicQHYkpunoKff76-SP4lsyE64UAAI_FQACJY4QVtxndcD3BiYBNgQ","file_unique_id":"AgADPxUAAiWOEFY","file_size":161510},{"width":512,"height":512,"emoji":"🫵","set_name":"muzimi66","is_animated":false,"is_video":true,"type":"regular","thumbnail":{"file_id":"AAMCBQADFQABaJxAdkoGoMm2X2LB4jp9vjN88ncAAowUAAI0jRhWa1TF7C_gnWQBAAdtAAM2BA","file_unique_id":"AQADjBQAAjSNGFZy","file_size":17306,"width":320,"height":320},"thumb":{"file_id":"AAMCBQADFQABaJxAdkoGoMm2X2LB4jp9vjN88ncAAowUAAI0jRhWa1TF7C_gnWQBAAdtAAM2BA","file_unique_id":"AQADjBQAAjSNGFZy","file_size":17306,"width":320,"height":320},"file_id":"CAACAgUAAxUAAWicQHZKBqDJtl9iweI6fb4zfPJ3AAKMFAACNI0YVmtUxewv4J1kNgQ","file_unique_id":"AgADjBQAAjSNGFY","file_size":159717},{"width":512,"height":512,"emoji":"💴","set_name":"muzimi66","is_animated":false,"is_video":true,"type":"regular","thumbnail":{"file_id":"AAMCBQADFQABaJxAdrnu-XvI0WylyhpsHQPpC8YAAk4WAAITUBhWlE6YFVwFTb4BAAdtAAM2BA","file_unique_id":"AQADThYAAhNQGFZy","file_size":17088,"width":320,"height":320},"thumb":{"file_id":"AAMCBQADFQABaJxAdrnu-XvI0WylyhpsHQPpC8YAAk4WAAITUBhWlE6YFVwFTb4BAAdtAAM2BA","file_unique_id":"AQADThYAAhNQGFZy","file_size":17088,"width":320,"height":320},"file_id":"CAACAgUAAxUAAWicQHa57vl7yNFspcoabB0D6QvGAAJOFgACE1AYVpROmBVcBU2-NgQ","file_unique_id":"AgADThYAAhNQGFY","file_size":158664},{"width":512,"height":512,"emoji":"👿","set_name":"muzimi66","is_animated":false,"is_video":true,"type":"regular","thumbnail":{"file_id":"AAMCBQADFQABaJxAdrsdaWFHoD2mg6IzIOD1UWkAAsMUAAKctBFW7QfcdbyW7IgBAAdtAAM2BA","file_unique_id":"AQADwxQAApy0EVZy","file_size":16420,"width":320,"height":320},"thumb":{"file_id":"AAMCBQADFQABaJxAdrsdaWFHoD2mg6IzIOD1UWkAAsMUAAKctBFW7QfcdbyW7IgBAAdtAAM2BA","file_unique_id":"AQADwxQAApy0EVZy","file_size":16420,"width":320,"height":320},"file_id":"CAACAgUAAxUAAWicQHa7HWlhR6A9poOiMyDg9VFpAALDFAACnLQRVu0H3HW8luyINgQ","file_unique_id":"AgADwxQAApy0EVY","file_size":156013},{"width":512,"height":512,"emoji":"🔪","set_name":"muzimi66","is_animated":false,"is_video":true,"type":"regular","thumbnail":{"file_id":"AAMCBQADFQABaJxAdor2uNJuIGVy3q4V7zta0bYAAukVAAKLNRhW6F8UkL_W8w8BAAdtAAM2BA","file_unique_id":"AQAD6RUAAos1GFZy","file_size":15584,"width":320,"height":320},"thumb":{"file_id":"AAMCBQADFQABaJxAdor2uNJuIGVy3q4V7zta0bYAAukVAAKLNRhW6F8UkL_W8w8BAAdtAAM2BA","file_unique_id":"AQAD6RUAAos1GFZy","file_size":15584,"width":320,"height":320},"file_id":"CAACAgUAAxUAAWicQHaK9rjSbiBlct6uFe87WtG2AALpFQACizUYVuhfFJC_1vMPNgQ","file_unique_id":"AgAD6RUAAos1GFY","file_size":164087},{"width":512,"height":512,"emoji":"😋","set_name":"muzimi66","is_animated":false,"is_video":true,"type":"regular","thumbnail":{"file_id":"AAMCBQADFQABaJxAdqexheATR82ovohtMAtUfIMAAisTAALQMRBWyOreuN1hLUYBAAdtAAM2BA","file_unique_id":"AQADKxMAAtAxEFZy","file_size":15436,"width":320,"height":320},"thumb":{"file_id":"AAMCBQADFQABaJxAdqexheATR82ovohtMAtUfIMAAisTAALQMRBWyOreuN1hLUYBAAdtAAM2BA","file_unique_id":"AQADKxMAAtAxEFZy","file_size":15436,"width":320,"height":320},"file_id":"CAACAgUAAxUAAWicQHansYXgE0fNqL6IbTALVHyDAAIrEwAC0DEQVsjq3rjdYS1GNgQ","file_unique_id":"AgADKxMAAtAxEFY","file_size":157388},{"width":512,"height":512,"emoji":"🥰","set_name":"muzimi66","is_animated":false,"is_video":true,"type":"regular","thumbnail":{"file_id":"AAMCBQADFQABaJxAdiEdsDfQsKwOgNs_rsJjLHwAAu0RAAI9NBlWktOcH8QZ--kBAAdtAAM2BA","file_unique_id":"AQAD7REAAj00GVZy","file_size":12404,"width":320,"height":320},"thumb":{"file_id":"AAMCBQADFQABaJxAdiEdsDfQsKwOgNs_rsJjLHwAAu0RAAI9NBlWktOcH8QZ--kBAAdtAAM2BA","file_unique_id":"AQAD7REAAj00GVZy","file_size":12404,"width":320,"height":320},"file_id":"CAACAgUAAxUAAWicQHYhHbA30LCsDoDbP67CYyx8AALtEQACPTQZVpLTnB_EGfvpNgQ","file_unique_id":"AgAD7REAAj00GVY","file_size":131348},{"width":512,"height":512,"emoji":"😣","set_name":"muzimi66","is_animated":false,"is_video":true,"type":"regular","thumbnail":{"file_id":"AAMCBQADFQABaJxAdg0wyWmgd3xVgkl1EW--jMcAAkASAAKn7hBWd7WDhPUtV7ABAAdtAAM2BA","file_unique_id":"AQADQBIAAqfuEFZy","file_size":15964,"width":320,"height":320},"thumb":{"file_id":"AAMCBQADFQABaJxAdg0wyWmgd3xVgkl1EW--jMcAAkASAAKn7hBWd7WDhPUtV7ABAAdtAAM2BA","file_unique_id":"AQADQBIAAqfuEFZy","file_size":15964,"width":320,"height":320},"file_id":"CAACAgUAAxUAAWicQHYNMMlpoHd8VYJJdRFvvozHAAJAEgACp-4QVne1g4T1LVewNgQ","file_unique_id":"AgADQBIAAqfuEFY","file_size":149755},{"width":512,"height":512,"emoji":"😴","set_name":"muzimi66","is_animated":false,"is_video":true,"type":"regular","thumbnail":{"file_id":"AAMCBQADFQABaJxAdtZ6IzmidMRVlmXk7CtVSdgAAuQVAALanhFWI5so_JApj4UBAAdtAAM2BA","file_unique_id":"AQAD5BUAAtqeEVZy","file_size":9182,"width":320,"height":320},"thumb":{"file_id":"AAMCBQADFQABaJxAdtZ6IzmidMRVlmXk7CtVSdgAAuQVAALanhFWI5so_JApj4UBAAdtAAM2BA","file_unique_id":"AQAD5BUAAtqeEVZy","file_size":9182,"width":320,"height":320},"file_id":"CAACAgUAAxUAAWicQHbWeiM5onTEVZZl5OwrVUnYAALkFQAC2p4RViObKPyQKY-FNgQ","file_unique_id":"AgAD5BUAAtqeEVY","file_size":148368},{"width":512,"height":512,"emoji":"🤩","set_name":"muzimi66","is_animated":false,"is_video":true,"type":"regular","thumbnail":{"file_id":"AAMCBQADFQABaJxAdrMvp8TJm0JQvteFqOO2yHMAAnMVAALQhhlWu70fNo01LOcBAAdtAAM2BA","file_unique_id":"AQADcxUAAtCGGVZy","file_size":17454,"width":320,"height":320},"thumb":{"file_id":"AAMCBQADFQABaJxAdrMvp8TJm0JQvteFqOO2yHMAAnMVAALQhhlWu70fNo01LOcBAAdtAAM2BA","file_unique_id":"AQADcxUAAtCGGVZy","file_size":17454,"width":320,"height":320},"file_id":"CAACAgUAAxUAAWicQHazL6fEyZtCUL7XhajjtshzAAJzFQAC0IYZVru9HzaNNSznNgQ","file_unique_id":"AgADcxUAAtCGGVY","file_size":184423},{"width":512,"height":512,"emoji":"🥰","set_name":"muzimi66","is_animated":false,"is_video":true,"type":"regular","thumbnail":{"file_id":"AAMCBQADFQABaJxAdnMhKKFmYiDRRarIU3sHcYUAAiQWAAJHSBlW_HLCCkrDSngBAAdtAAM2BA","file_unique_id":"AQADJBYAAkdIGVZy","file_size":16442,"width":320,"height":320},"thumb":{"file_id":"AAMCBQADFQABaJxAdnMhKKFmYiDRRarIU3sHcYUAAiQWAAJHSBlW_HLCCkrDSngBAAdtAAM2BA","file_unique_id":"AQADJBYAAkdIGVZy","file_size":16442,"width":320,"height":320},"file_id":"CAACAgUAAxUAAWicQHZzISihZmIg0UWqyFN7B3GFAAIkFgACR0gZVvxywgpKw0p4NgQ","file_unique_id":"AgADJBYAAkdIGVY","file_size":160998},{"width":512,"height":512,"emoji":"👍","set_name":"muzimi66","is_animated":false,"is_video":true,"type":"regular","thumbnail":{"file_id":"AAMCBQADFQABaJxAdp2UJysIkHWgMHY8NU4ni8kAAkYWAAILPRFW-zKiX_QnwL0BAAdtAAM2BA","file_unique_id":"AQADRhYAAgs9EVZy","file_size":17616,"width":320,"height":320},"thumb":{"file_id":"AAMCBQADFQABaJxAdp2UJysIkHWgMHY8NU4ni8kAAkYWAAILPRFW-zKiX_QnwL0BAAdtAAM2BA","file_unique_id":"AQADRhYAAgs9EVZy","file_size":17616,"width":320,"height":320},"file_id":"CAACAgUAAxUAAWicQHadlCcrCJB1oDB2PDVOJ4vJAAJGFgACCz0RVvsyol_0J8C9NgQ","file_unique_id":"AgADRhYAAgs9EVY","file_size":173927},{"width":512,"height":512,"emoji":"📚","set_name":"muzimi66","is_animated":false,"is_video":true,"type":"regular","thumbnail":{"file_id":"AAMCBQADFQABaJxAdq5tXPeQKVaCLc7Xj7JEloIAAvgZAAI2BTBW_zE3Th8Wr2QBAAdtAAM2BA","file_unique_id":"AQAD-BkAAjYFMFZy","file_size":18422,"width":320,"height":320},"thumb":{"file_id":"AAMCBQADFQABaJxAdq5tXPeQKVaCLc7Xj7JEloIAAvgZAAI2BTBW_zE3Th8Wr2QBAAdtAAM2BA","file_unique_id":"AQAD-BkAAjYFMFZy","file_size":18422,"width":320,"height":320},"file_id":"CAACAgUAAxUAAWicQHaubVz3kClWgi3O14-yRJaCAAL4GQACNgUwVv8xN04fFq9kNgQ","file_unique_id":"AgAD-BkAAjYFMFY","file_size":103247}]}
