{"name":"czooc11","title":"mygo 创哉","sticker_type":"regular","contains_masks":false,"stickers":[{"width":512,"height":512,"emoji":"😡","set_name":"czooc11","is_animated":false,"is_video":false,"type":"regular","thumbnail":{"file_id":"AAMCBQADFQABaJw-7paNeWjsJtRZXXyPFAABjZuuAAKFDwACo9UwVe42bE8CU825AQAHbQADNgQ","file_unique_id":"AQADhQ8AAqPVMFVy","file_size":20182,"width":320,"height":320},"thumb":{"file_id":"AAMCBQADFQABaJw-7paNeWjsJtRZXXyPFAABjZuuAAKFDwACo9UwVe42bE8CU825AQAHbQADNgQ","file_unique_id":"AQADhQ8AAqPVMFVy","file_size":20182,"width":320,"height":320},"file_id":"CAACAgUAAxUAAWicPu6WjXlo7CbUWV18jxQAAY2brgAChQ8AAqPVMFXuNmxPAlPNuTYE","file_unique_id":"AgADhQ8AAqPVMFU","file_size":35902},{"width":512,"height":512,"emoji":"😢","set_name":"czooc11","is_animated":false,"is_video":false,"type":"regular","thumbnail":{"file_id":"AAMCBQADFQABaJw-7iq0D8yofwtp1X_ZawL4fzQAAsgOAAIeejlVVeYF35qCaloBAAdtAAM2BA","file_unique_id":"AQADyA4AAh56OVVy","file_size":18892,"width":320,"height":320},"thumb":{"file_id":"AAMCBQADFQABaJw-7iq0D8yofwtp1X_ZawL4fzQAAsgOAAIeejlVVeYF35qCaloBAAdtAAM2BA","file_unique_id":"AQADyA4AAh56OVVy","file_size":18892,"width":320,"height":320},"file_id":"CAACAgUAAxUAAWicPu4qtA_MqH8LadV_2WsC-H80AALIDgACHno5VVXmBd-agmpaNgQ","file_unique_id":"AgADyA4AAh56OVU","file_size":33578},{"width":512,"height":512,"emoji":"🤨","set_name":"czooc11","is_animated":false,"is_video":false,"type":"regular","thumbnail":{"file_id":"AAMCBQADFQABaJw-7gHQX02SSG3y3rxwSqG26mQAAhMOAAIblDhVpmCsPRHMFZwBAAdtAAM2BA","file_unique_id":"AQADEw4AAhuUOFVy","file_size":14588,"width":320,"height":320},"thumb":{"file_id":"AAMCBQADFQABaJw-7gHQX02SSG3y3rxwSqG26mQAAhMOAAIblDhVpmCsPRHMFZwBAAdtAAM2BA","file_unique_id":"AQADEw4AAhuUOFVy","file_size":14588,"width":320,"height":320},"file_id":"CAACAgUAAxUAAWicPu4B0F9Nkkht8t68cEqhtupkAAITDgACG5Q4VaZgrD0RzBWcNgQ","file_unique_id":"AgADEw4AAhuUOFU","file_size":25098},{"width":512,"height":512,"emoji":"🤬","set_name":"czooc11","is_animated":false,"is_video":false,"type":"regular","thumbnail":{"file_id":"AAMCBQADFQABaJw-7n8a4DS5tIQ3t10N2Og03DEAAiMQAALJdjhVXSKesYcUlxQBAAdtAAM2BA","file_unique_id":"AQADIxAAAsl2OFVy","file_size":14126,"width":320,"height":320},"thumb":{"file_id":"AAMCBQADFQABaJw-7n8a4DS5tIQ3t10N2Og03DEAAiMQAALJdjhVXSKesYcUlxQBAAdtAAM2BA","file_unique_id":"AQADIxAAAsl2OFVy","file_size":14126,"width":320,"height":320},"file_id":"CAACAgUAAxUAAWicPu5_GuA0ubSEN7ddDdjoNNwxAAIjEAACyXY4VV0inrGHFJcUNgQ","file_unique_id":"AgADIxAAAsl2OFU","file_size":22528},{"width":512,"height":512,"emoji":"😨","set_name":"czooc11","is_animated":false,"is_video":false,"type":"regular","thumbnail":{"file_id":"AAMCBQADFQABaJw-7g6G5ZGCybgjHc3uoMfBNbcAAv4QAAJktTlVJ8Ex60gM3gwBAAdtAAM2BA","file_unique_id":"AQAD_hAAAmS1OVVy","file_size":17032,"width":320,"height":320},"thumb":{"file_id":"AAMCBQADFQABaJw-7g6G5ZGCybgjHc3uoMfBNbcAAv4QAAJktTlVJ8Ex60gM3gwBAAdtAAM2BA","file_unique_id":"AQAD_hAAAmS1OVVy","file_size":17032,"width":320,"height":320},"file_id":"CAACAgUAAxUAAWicPu4OhuWRgsm4Ix3N7qDHwTW3AAL-EAACZLU5VSfBMetIDN4MNgQ","file_unique_id":"AgAD_hAAAmS1OVU","file_size":29730},{"width":512,"height":512,"emoji":"🤨","set_name":"czooc11","is_animated":false,"is_video":false,"type":"regular","thumbnail":{"file_id":"AAMCBQADFQABaJw-7lsB5EKmi5xblgAB9vwsoRuCAAInEAACfAk5VQnIyDmyWCbLAQAHbQADNgQ","file_unique_id":"AQADJxAAAnwJOVVy","file_size":22118,"width":320,"height":320},"thumb":{"file_id":"AAMCBQADFQABaJw-7lsB5EKmi5xblgAB9vwsoRuCAAInEAACfAk5VQnIyDmyWCbLAQAHbQADNgQ","file_unique_id":"AQADJxAAAnwJOVVy","file_size":22118,"width":320,"height":320},"file_id":"CAACAgUAAxUAAWicPu5bAeRCpoucW5YAAfb8LKEbggACJxAAAnwJOVUJyMg5slgmyzYE","file_unique_id":"AgADJxAAAnwJOVU","file_size":41420},{"width":512,"height":512,"emoji":"👀","set_name":"czooc11","is_animated":false,"is_video":false,"type":"regular","thumbnail":{"file_id":"AAMCBQADFQABaJw-7vtSp0YxKl6lY_dN_6yjqZUAAlIQAALwfDBVvzsuI4fo348BAAdtAAM2BA","file_unique_id":"AQADUhAAAvB8MFVy","file_size":20406,"width":320,"height":320},"thumb":{"file_id":"AAMCBQADFQABaJw-7vtSp0YxKl6lY_dN_6yjqZUAAlIQAALwfDBVvzsuI4fo348BAAdtAAM2BA","file_unique_id":"AQADUhAAAvB8MFVy","file_size":20406,"width":320,"height":320},"file_id":"CAACAgUAAxUAAWicPu77UqdGMSpepWP3Tf-so6mVAAJSEAAC8HwwVb87LiOH6N-PNgQ","file_unique_id":"AgADUhAAAvB8MFU","file_size":36446},{"width":512,"height":512,"emoji":"😡","set_name":"czooc11","is_animated":false,"is_video":false,"type":"regular","thumbnail":{"file_id":"AAMCBQADGQEAAwZonD7rYdfmoHT9LhCSyqsgLmM4lwACaA4AAqFHOVVxRS4U96bmFgEAB20AAzYE","file_unique_id":"AQADaA4AAqFHOVVy","file_size":22324,"width":320,"height":320},"thumb":{"file_id":"AAMCBQADGQEAAwZonD7rYdfmoHT9LhCSyqsgLmM4lwACaA4AAqFHOVVxRS4U96bmFgEAB20AAzYE","file_unique_id":"AQADaA4AAqFHOVVy","file_size":22324,"width":320,"height":320},"file_id":"CAACAgUAAxkBAAMGaJw-62HX5qB0_S4QksqrIC5jOJcAAmgOAAKhRzlVcUUuFPem5hY2BA","file_unique_id":"AgADaA4AAqFHOVU","file_size":39698},{"width":512,"height":512,"emoji":"😨","set_name":"czooc11","is_animated":false,"is_video":false,"type":"regular","thumbnail":{"file_id":"AAMCBQADFQABaJw-7taHQQwVi_bQeFUU45j_aAsAAjESAAKMITFVVxEitgbPMeQBAAdtAAM2BA","file_unique_id":"AQADMRIAAowhMVVy","file_size":24206,"width":320,"height":320},"thumb":{"file_id":"AAMCBQADFQABaJw-7taHQQwVi_bQeFUU45j_aAsAAjESAAKMITFVVxEitgbPMeQBAAdtAAM2BA","file_unique_id":"AQADMRIAAowhMVVy","file_size":24206,"width":320,"height":320},"file_id":"CAACAgUAAxUAAWicPu7Wh0EMFYv20HhVFOOY_2gLAAIxEgACjCExVVcRIrYGzzHkNgQ","file_unique_id":"AgADMRIAAowhMVU","file_size":44134},{"width":512,"height":512,"emoji":"🥰","set_name":"czooc11","is_animated":false,"is_video":false,"type":"regular","thumbnail":{"file_id":"AAMCBQADFQABaJw-7jcePs0Jle2vFtWT1PX6dxMAAk4UAAKsGDBVShy3EptVPRIBAAdtAAM2BA","file_unique_id":"AQADThQAAqwYMFVy","file_size":25030,"width":320,"height":320},"thumb":{"file_id":"AAMCBQADFQABaJw-7jcePs0Jle2vFtWT1PX6dxMAAk4UAAKsGDBVShy3EptVPRIBAAdtAAM2BA","file_unique_id":"AQADThQAAqwYMFVy","file_size":25030,"width":320,"height":320},"file_id":"CAACAgUAAxUAAWicPu43Hj7NCZXtrxbVk9T1-ncTAAJOFAACrBgwVUoctxKbVT0SNgQ","file_unique_id":"AgADThQAAqwYMFU","file_size":45420},{"width":512,"height":512,"emoji":"😡","set_name":"czooc11","is_animated":false,"is_video":false,"type":"regular","thumbnail":{"file_id":"AAMCBQADFQABaJw-7vd_BieVBKDnczZbM6v1vkIAAn0RAAJwozBVco2moMdGnAYBAAdtAAM2BA","file_unique_id":"AQADfREAAnCjMFVy","file_size":27070,"width":320,"height":320},"thumb":{"file_id":"AAMCBQADFQABaJw-7vd_BieVBKDnczZbM6v1vkIAAn0RAAJwozBVco2moMdGnAYBAAdtAAM2BA","file_unique_id":"AQADfREAAnCjMFVy","file_size":27070,"width":320,"height":320},"file_id":"CAACAgUAAxUAAWicPu73fwYnlQSg53M2WzOr9b5CAAJ9EQACcKMwVXKNpqDHRpwGNgQ","file_unique_id":"AgADfREAAnCjMFU","file_size":47770},{"width":512,"height":512,"emoji":"🥰","set_name":"czooc11","is_animated":false,"is_video":false,"type":"regular","thumbnail":{"file_id":"AAMCBQADFQABaJw-7pkW2thz_FjL7XZUqwNVev4AAhwRAAJFwTlVP-PldTZ_UEoBAAdtAAM2BA","file_unique_id":"AQADHBEAAkXBOVVy","file_size":22914,"width":320,"height":320},"thumb":{"file_id":"AAMCBQADFQABaJw-7pkW2thz_FjL7XZUqwNVev4AAhwRAAJFwTlVP-PldTZ_UEoBAAdtAAM2BA","file_unique_id":"AQADHBEAAkXBOVVy","file_size":22914,"width":320,"height":320},"file_id":"CAACAgUAAxUAAWicPu6ZFtrYc_xYy-12VKsDVXr-AAIcEQACRcE5VT_j5XU2f1BKNgQ","file_unique_id":"AgADHBEAAkXBOVU","file_size":43560},{"width":512,"height":512,"emoji":"👀","set_name":"czooc11","is_animated":false,"is_video":false,"type":"regular","thumbnail":{"file_id":"AAMCBQADFQABaJw-7s9TJnaIvo71qGFTJZFwmGMAAhASAAKUmzBVUeOSPPapJDQBAAdtAAM2BA","file_unique_id":"AQADEBIAApSbMFVy","file_size":15104,"width":320,"height":320},"thumb":{"file_id":"AAMCBQADFQABaJw-7s9TJnaIvo71qGFTJZFwmGMAAhASAAKUmzBVUeOSPPapJDQBAAdtAAM2BA","file_unique_id":"AQADEBIAApSbMFVy","file_size":15104,"width":320,"height":320},"file_id":"CAACAgUAAxUAAWicPu7PUyZ2iL6O9ahhUyWRcJhjAAIQEgAClJswVVHjkjz2qSQ0NgQ","file_unique_id":"AgADEBIAApSbMFU","file_size":26694},{"width":512,"height":512,"emoji":"😭","set_name":"czooc11","is_animated":false,"is_video":false,"type":"regular","thumbnail":{"file_id":"AAMCBQADFQABaJw-7sCJ5JnERyXba_OkVZ0Y2vAAAhMSAAJhRjlVp40DRe2fjqkBAAdtAAM2BA","file_unique_id":"AQADExIAAmFGOVVy","file_size":22956,"width":320,"height":320},"thumb":{"file_id":"AAMCBQADFQABaJw-7sCJ5JnERyXba_OkVZ0Y2vAAAhMSAAJhRjlVp40DRe2fjqkBAAdtAAM2BA","file_unique_id":"AQADExIAAmFGOVVy","file_size":22956,"width":320,"height":320},"file_id":"CAACAgUAAxUAAWicPu7AieSZxEcl22vzpFWdGNrwAAITEgACYUY5VaeNA0Xtn46pNgQ","file_unique_id":"AgADExIAAmFGOVU","file_size":41506},{"width":512,"height":512,"emoji":"😇","set_name":"czooc11","is_animated":false,"is_video":false,"type":"regular","thumbnail":{"file_id":"AAMCBQADFQABaJw-7nYhESlrk4d2tGzQB4ojwicAAhERAALvqTBVnznppimEJfcBAAdtAAM2BA","file_unique_id":"AQADEREAAu-pMFVy","file_size":18816,"width":320,"height":320},"thumb":{"file_id":"AAMCBQADFQABaJw-7nYhESlrk4d2tGzQB4ojwicAAhERAALvqTBVnznppimEJfcBAAdtAAM2BA","file_unique_id":"AQADEREAAu-pMFVy","file_size":18816,"width":320,"height":320},"file_id":"CAACAgUAAxUAAWicPu52IREpa5OHdrRs0AeKI8InAAIREQAC76kwVZ856aYphCX3NgQ","file_unique_id":"AgADEREAAu-pMFU","file_size":34610},{"width":512,"height":512,"emoji":"😰","set_name":"czooc11","is_animated":false,"is_video":false,"type":"regular","thumbnail":{"file_id":"AAMCBQADFQABaJw-7vsO75zZA-4jpyZ1rN40FycAAgkRAALWJDlVa19-iYSzF-wBAAdtAAM2BA","file_unique_id":"AQADCREAAtYkOVVy","file_size":15704,"width":320,"height":320},"thumb":{"file_id":"AAMCBQADFQABaJw-7vsO75zZA-4jpyZ1rN40FycAAgkRAALWJDlVa19-iYSzF-wBAAdtAAM2BA","file_unique_id":"AQADCREAAtYkOVVy","file_size":15704,"width":320,"height":320},"file_id":"CAACAgUAAxUAAWicPu77Du-c2QPuI6cmdazeNBcnAAIJEQAC1iQ5VWtffomEsxfsNgQ","file_unique_id":"AgADCREAAtYkOVU","file_size":27280},{"width":512,"height":512,"emoji":"🥰","set_name":"czooc11","is_animated":false,"is_video":false,"type":"regular","thumbnail":{"file_id":"AAMCBQADFQABaJw-7rQvZlQ301e3UdgaIHO4pugAAjgSAAKQMzBV4VcJ949pIjMBAAdtAAM2BA","file_unique_id":"AQADOBIAApAzMFVy","file_size":17802,"width":320,"height":320},"thumb":{"file_id":"AAMCBQADFQABaJw-7rQvZlQ301e3UdgaIHO4pugAAjgSAAKQMzBV4VcJ949pIjMBAAdtAAM2BA","file_unique_id":"AQADOBIAApAzMFVy","file_size":17802,"width":320,"height":320},"file_id":"CAACAgUAAxUAAWicPu60L2ZUN9NXt1HYGiBzuKboAAI4EgACkDMwVeFXCfePaSIzNgQ","file_unique_id":"AgADOBIAApAzMFU","file_size":31552},{"width":512,"height":512,"emoji":"😁","set_name":"czooc11","is_animated":false,"is_video":false,"type":"regular","thumbnail":{"file_id":"AAMCBQADFQABaJw-7vbl22jVReJ691oiQ9cOHfYAAuIOAAIURDhVpejuOuGR8aABAAdtAAM2BA","file_unique_id":"AQAD4g4AAhREOFVy","file_size":14740,"width":320,"height":320},"thumb":{"file_id":"AAMCBQADFQABaJw-7vbl22jVReJ691oiQ9cOHfYAAuIOAAIURDhVpejuOuGR8aABAAdtAAM2BA","file_unique_id":"AQAD4g4AAhREOFVy","file_size":14740,"width":320,"height":320},"file_id":"CAACAgUAAxUAAWicPu725dto1UXievdaIkPXDh32AALiDgACFEQ4VaXo7jrhkfGgNgQ","file_unique_id":"AgAD4g4AAhREOFU","file_size":25754},{"width":512,"height":512,"emoji":"😇","set_name":"czooc11","is_animated":false,"is_video":false,"type":"regular","thumbnail":{"file_id":"AAMCBQADFQABaJw-7sJIoE-Lv3F86HfDnf1tNDMAAicSAAKDTTFVaPHGYJTqu48BAAdtAAM2BA","file_unique_id":"AQADJxIAAoNNMVVy","file_size":22772,"width":320,"height":320},"thumb":{"file_id":"AAMCBQADFQABaJw-7sJIoE-Lv3F86HfDnf1tNDMAAicSAAKDTTFVaPHGYJTqu48BAAdtAAM2BA","file_unique_id":"AQADJxIAAoNNMVVy","file_size":22772,"width":320,"height":320},"file_id":"CAACAgUAAxUAAWicPu7CSKBPi79xfOh3w539bTQzAAInEgACg00xVWjxxmCU6ruPNgQ","file_unique_id":"AgADJxIAAoNNMVU","file_size":39936},{"width":512,"height":512,"emoji":"😰","set_name":"czooc11","is_animated":false,"is_video":false,"type":"regular","thumbnail":{"file_id":"AAMCBQADFQABaJw-7q55-1OCXRGnc-oe6z5mqVIAAikOAAL5fDlVkutF9nzNaO4BAAdtAAM2BA","file_unique_id":"AQADKQ4AAvl8OVVy","file_size":20016,"width":320,"height":320},"thumb":{"file_id":"AAMCBQADFQABaJw-7q55-1OCXRGnc-oe6z5mqVIAAikOAAL5fDlVkutF9nzNaO4BAAdtAAM2BA","file_unique_id":"AQADKQ4AAvl8OVVy","file_size":20016,"width":320,"height":320},"file_id":"CAACAgUAAxUAAWicPu6ueftTgl0Rp3PqHus-ZqlSAAIpDgAC-Xw5VZLrRfZ8zWjuNgQ","file_unique_id":"AgADKQ4AAvl8OVU","file_size":35428},{"width":512,"height":512,"emoji":"🧐","set_name":"czooc11","is_animated":false,"is_video":false,"type":"regular","thumbnail":{"file_id":"AAMCBQADFQABaJw-7tC253y-ESjdMzmNdOeoV-oAAg0RAAKjmzlVoVaYNCV-xg0BAAdtAAM2BA","file_unique_id":"AQADDREAAqObOVVy","file_size":16718,"width":320,"height":320},"thumb":{"file_id":"AAMCBQADFQABaJw-7tC253y-ESjdMzmNdOeoV-oAAg0RAAKjmzlVoVaYNCV-xg0BAAdtAAM2BA","file_unique_id":"AQADDREAAqObOVVy","file_size":16718,"width":320,"height":320},"file_id":"CAACAgUAAxUAAWicPu7Qtud8vhEo3TM5jXTnqFfqAAINEQACo5s5VaFWmDQlfsYNNgQ","file_unique_id":"AgADDREAAqObOVU","file_size":28292},{"width":512,"height":512,"emoji":"😁","set_name":"czooc11","is_animated":false,"is_video":false,"type":"regular","thumbnail":{"file_id":"AAMCBQADFQABaJw-7hpvAmB56ZtNUZJGkvFh-uAAAjESAALn6ThVTuR0DCwKSbwBAAdtAAM2BA","file_unique_id":"AQADMRIAAufpOFVy","file_size":20114,"width":320,"height":320},"thumb":{"file_id":"AAMCBQADFQABaJw-7hpvAmB56ZtNUZJGkvFh-uAAAjESAALn6ThVTuR0DCwKSbwBAAdtAAM2BA","file_unique_id":"AQADMRIAAufpOFVy","file_size":20114,"width":320,"height":320},"file_id":"CAACAgUAAxUAAWicPu4abwJgeembTVGSRpLxYfrgAAIxEgAC5-k4VU7kdAwsCkm8NgQ","file_unique_id":"AgADMRIAAufpOFU","file_size":34774},{"width":512,"height":512,"emoji":"🥰","set_name":"czooc11","is_animated":false,"is_video":false,"type":"regular","thumbnail":{"file_id":"AAMCBQADFQABaJw-7k1z7bJTT6yyBFWjEl-lIGIAAgQQAAJuHTlV01sR4XSgnN8BAAdtAAM2BA","file_unique_id":"AQADBBAAAm4dOVVy","file_size":22172,"width":320,"height":320},"thumb":{"file_id":"AAMCBQADFQABaJw-7k1z7bJTT6yyBFWjEl-lIGIAAgQQAAJuHTlV01sR4XSgnN8BAAdtAAM2BA","file_unique_id":"AQADBBAAAm4dOVVy","file_size":22172,"width":320,"height":320},"file_id":"CAACAgUAAxUAAWicPu5Nc-2yU0-ssgRVoxJfpSBiAAIEEAACbh05VdNbEeF0oJzfNgQ","file_unique_id":"AgADBBAAAm4dOVU","file_size":39522},{"width":512,"height":512,"emoji":"😇","set_name":"czooc11","is_animated":false,"is_video":false,"type":"regular","thumbnail":{"file_id":"AAMCBQADFQABaJw-7sEgLWeFzKwCkS4ZckTYi0YAAo0TAALZ5zFVWr6NpTdugDABAAdtAAM2BA","file_unique_id":"AQADjRMAAtnnMVVy","file_size":17566,"width":320,"height":320},"thumb":{"file_id":"AAMCBQADFQABaJw-7sEgLWeFzKwCkS4ZckTYi0YAAo0TAALZ5zFVWr6NpTdugDABAAdtAAM2BA","file_unique_id":"AQADjRMAAtnnMVVy","file_size":17566,"width":320,"height":320},"file_id":"CAACAgUAAxUAAWicPu7BIC1nhcysApEuGXJE2ItGAAKNEwAC2ecxVVq-jaU3boAwNgQ","file_unique_id":"AgADjRMAAtnnMVU","file_size":31006},{"width":512,"height":512,"emoji":"😔","set_name":"czooc11","is_animated":false,"is_video":false,"type":"regular","thumbnail":{"file_id":"AAMCBQADFQABaJw-7hC24ISPSkezICPjxymdCXYAAiwRAAIDozlV8DbiU2yFdbwBAAdtAAM2BA","file_unique_id":"AQADLBEAAgOjOVVy","file_size":18376,"width":320,"height":320},"thumb":{"file_id":"AAMCBQADFQABaJw-7hC24ISPSkezICPjxymdCXYAAiwRAAIDozlV8DbiU2yFdbwBAAdtAAM2BA","file_unique_id":"AQADLBEAAgOjOVVy","file_size":18376,"width":320,"height":320},"file_id":"CAACAgUAAxUAAWicPu4QtuCEj0pHsyAj48cpnQl2AAIsEQACA6M5VfA24lNshXW8NgQ","file_unique_id":"AgADLBEAAgOjOVU","file_size":34022},{"width":512,"height":512,"emoji":"👍","set_name":"czooc11","is_animated":false,"is_video":false,"type":"regular","thumbnail":{"file_id":"AAMCBQADFQABaJw-7qI7yTP37hQchsWV1lnipI4AAt8NAAL6xTlVXRfdfTTUK5EBAAdtAAM2BA","file_unique_id":"AQAD3w0AAvrFOVVy","file_size":10006,"width":320,"height":320},"thumb":{"file_id":"AAMCBQADFQABaJw-7qI7yTP37hQchsWV1lnipI4AAt8NAAL6xTlVXRfdfTTUK5EBAAdtAAM2BA","file_unique_id":"AQAD3w0AAvrFOVVy","file_size":10006,"width":320,"height":320},"file_id":"CAACAgUAAxUAAWicPu6iO8kz9-4UHIbFldZZ4qSOAALfDQAC-sU5VV0X3X001CuRNgQ","file_unique_id":"AgAD3w0AAvrFOVU","file_size":21610},{"width":512,"height":512,"emoji":"👎","set_name":"czooc11","is_animated":false,"is_video":false,"type":"regular","thumbnail":{"file_id":"AAMCBQADFQABaJw-7vYT-GLc92iTavRvw-oOskEAAvkRAAKixzlVr_d5cfkjKKIBAAdtAAM2BA","file_unique_id":"AQAD-REAAqLHOVVy","file_size":9980,"width":320,"height":320},"thumb":{"file_id":"AAMCBQADFQABaJw-7vYT-GLc92iTavRvw-oOskEAAvkRAAKixzlVr_d5cfkjKKIBAAdtAAM2BA","file_unique_id":"AQAD-REAAqLHOVVy","file_size":9980,"width":320,"height":320},"file_id":"CAACAgUAAxUAAWicPu72E_hi3Pdok2r0b8PqDrJBAAL5EQACosc5Va_3eXH5IyiiNgQ","file_unique_id":"AgAD-REAAqLHOVU","file_size":21638},{"width":512,"height":512,"emoji":"🖕","set_name":"czooc11","is_animated":false,"is_video":false,"type":"regular","thumbnail":{"file_id":"AAMCBQADFQABaJw-7vbHlmu_SR5RHFmxZR-WybAAAvARAAJlkTFVaPbcKpvxEl8BAAdtAAM2BA","file_unique_id":"AQAD8BEAAmWRMVVy","file_size":9576,"width":320,"height":320},"thumb":{"file_id":"AAMCBQADFQABaJw-7vbHlmu_SR5RHFmxZR-WybAAAvARAAJlkTFVaPbcKpvxEl8BAAdtAAM2BA","file_unique_id":"AQAD8BEAAmWRMVVy","file_size":9576,"width":320,"height":320},"file_id":"CAACAgUAAxUAAWicPu72x5Zrv0keURxZsWUflsmwAALwEQACZZExVWj23Cqb8RJfNgQ","file_unique_id":"AgAD8BEAAmWRMVU","file_size":22298},{"width":512,"height":512,"emoji":"😰","set_name":"czooc11","is_animated":false,"is_video":false,"type":"regular","thumbnail":{"file_id":"AAMCBQADFQABaJw-7ouWanGxgQV9R_7tteJxASIAAm8RAAL2zTBVHuJMkGs_GTYBAAdtAAM2BA","file_unique_id":"AQADbxEAAvbNMFVy","file_size":11736,"width":320,"height":320},"thumb":{"file_id":"AAMCBQADFQABaJw-7ouWanGxgQV9R_7tteJxASIAAm8RAAL2zTBVHuJMkGs_GTYBAAdtAAM2BA","file_unique_id":"AQADbxEAAvbNMFVy","file_size":11736,"width":320,"height":320},"file_id":"CAACAgUAAxUAAWicPu6LlmpxsYEFfUf-7bXicQEiAAJvEQAC9s0wVR7iTJBrPxk2NgQ","file_unique_id":"AgADbxEAAvbNMFU","file_size":20458},{"width":512,"height":512,"emoji":"😋","set_name":"czooc11","is_animated":false,"is_video":false,"type":"regular","thumbnail":{"file_id":"AAMCBQADFQABaJw-7lN7AzrpZaVJ9WCFot6UW5wAAp0TAAK1yjBVj7pTAAG_MLwtAQAHbQADNgQ","file_unique_id":"AQADnRMAArXKMFVy","file_size":10494,"width":320,"height":320},"thumb":{"file_id":"AAMCBQADFQABaJw-7lN7AzrpZaVJ9WCFot6UW5wAAp0TAAK1yjBVj7pTAAG_MLwtAQAHbQADNgQ","file_unique_id":"AQADnRMAArXKMFVy","file_size":10494,"width":320,"height":320},"file_id":"CAACAgUAAxUAAWicPu5TewM66WWlSfVghaLelFucAAKdEwACtcowVY-6UwABvzC8LTYE","file_unique_id":"AgADnRMAArXKMFU","file_size":16510},{"width":512,"height":512,"emoji":"❤","set_name":"czooc11","is_animated":false,"is_video":false,"type":"regular","thumbnail":{"file_id":"AAMCBQADFQABaJw-7n5Lo6FgCDyg1qaR4rrDSKcAAhQQAAKMRbFVnFEYQo1oR-ABAAdtAAM2BA","file_unique_id":"AQADFBAAAoxFsVVy","file_size":10410,"width":320,"height":320},"thumb":{"file_id":"AAMCBQADFQABaJw-7n5Lo6FgCDyg1qaR4rrDSKcAAhQQAAKMRbFVnFEYQo1oR-ABAAdtAAM2BA","file_unique_id":"AQADFBAAAoxFsVVy","file_size":10410,"width":320,"height":320},"file_id":"CAACAgUAAxUAAWicPu5-S6OhYAg8oNamkeK6w0inAAIUEAACjEWxVZxRGEKNaEfgNgQ","file_unique_id":"AgADFBAAAoxFsVU","file_size":17468},{"width":512,"height":512,"emoji":"🥰","set_name":"czooc11","is_animated":false,"is_video":false,"type":"regular","thumbnail":{"file_id":"AAMCBQADFQABaJw-7jPm2Bfnq6hqL9-L21zgdqUAAvUSAAL0u7FVLyYl7PEmQXkBAAdtAAM2BA","file_unique_id":"AQAD9RIAAvS7sVVy","file_size":7060,"width":320,"height":320},"thumb":{"file_id":"AAMCBQADFQABaJw-7jPm2Bfnq6hqL9-L21zgdqUAAvUSAAL0u7FVLyYl7PEmQXkBAAdtAAM2BA","file_unique_id":"AQAD9RIAAvS7sVVy","file_size":7060,"width":320,"height":320},"file_id":"CAACAgUAAxUAAWicPu4z5tgX56uoai_fi9tc4HalAAL1EgAC9LuxVS8mJezxJkF5NgQ","file_unique_id":"AgAD9RIAAvS7sVU","file_size":11812},{"width":512,"height":512,"emoji":"😡","set_name":"czooc11","is_animated":false,"is_video":false,"type":"regular","thumbnail":{"file_id":"AAMCBQADFQABaJw-7k6pj9JeW6ql7g7sQTqLOG0AAggVAAKvaVhWPmARKtUzEA0BAAdtAAM2BA","file_unique_id":"AQADCBUAAq9pWFZy","file_size":17600,"width":320,"height":320},"thumb":{"file_id":"AAMCBQADFQABaJw-7k6pj9JeW6ql7g7sQTqLOG0AAggVAAKvaVhWPmARKtUzEA0BAAdtAAM2BA","file_unique_id":"AQADCBUAAq9pWFZy","file_size":17600,"width":320,"height":320},"file_id":"CAACAgUAAxUAAWicPu5OqY_SXluqpe4O7EE6izhtAAIIFQACr2lYVj5gESrVMxANNgQ","file_unique_id":"AgADCBUAAq9pWFY","file_size":31132},{"width":512,"height":512,"emoji":"😭","set_name":"czooc11","is_animated":false,"is_video":false,"type":"regular","thumbnail":{"file_id":"AAMCBQADFQABaJw-7g0jNbD5UEclnRrLI2yZSYAAAvwTAAL-L1FWPQwAATxyX6tfAQAHbQADNgQ","file_unique_id":"AQAD_BMAAv4vUVZy","file_size":10940,"width":320,"height":320},"thumb":{"file_id":"AAMCBQADFQABaJw-7g0jNbD5UEclnRrLI2yZSYAAAvwTAAL-L1FWPQwAATxyX6tfAQAHbQADNgQ","file_unique_id":"AQAD_BMAAv4vUVZy","file_size":10940,"width":320,"height":320},"file_id":"CAACAgUAAxUAAWicPu4NIzWw-VBHJZ0ayyNsmUmAAAL8EwAC_i9RVj0MAAE8cl-rXzYE","file_unique_id":"AgAD_BMAAv4vUVY","file_size":17928},{"width":512,"height":512,"emoji":"😋","set_name":"czooc11","is_animated":false,"is_video":false,"type":"regular","thumbnail":{"file_id":"AAMCBQADFQABaJw-7nKcdJN3Hwo747LE3Vqr-twAAgUUAALkGlFW-78OhTE7ZWUBAAdtAAM2BA","file_unique_id":"AQADBRQAAuQaUVZy","file_size":10216,"width":320,"height":320},"thumb":{"file_id":"AAMCBQADFQABaJw-7nKcdJN3Hwo747LE3Vqr-twAAgUUAALkGlFW-78OhTE7ZWUBAAdtAAM2BA","file_unique_id":"AQADBRQAAuQaUVZy","file_size":10216,"width":320,"height":320},"file_id":"CAACAgUAAxUAAWicPu5ynHSTdx8KO-OyxN1aq_rcAAIFFAAC5BpRVvu_DoUxO2VlNgQ","file_unique_id":"AgADBRQAAuQaUVY","file_size":16800},{"width":512,"height":512,"emoji":"😭","set_name":"czooc11","is_animated":false,"is_video":false,"type":"regular","thumbnail":{"file_id":"AAMCBQADFQABaJw-7kGAEB_HPp9zvpiNrqr5wmwAAhQQAAJfN2hWtOHOz8l6gxABAAdtAAM2BA","file_unique_id":"AQADFBAAAl83aFZy","file_size":8108,"width":320,"height":320},"thumb":{"file_id":"AAMCBQADFQABaJw-7kGAEB_HPp9zvpiNrqr5wmwAAhQQAAJfN2hWtOHOz8l6gxABAAdtAAM2BA","file_unique_id":"AQADFBAAAl83aFZy","file_size":8108,"width":320,"height":320},"file_id":"CAACAgUAAxUAAWicPu5BgBAfxz6fc76Yja6q-cJsAAIUEAACXzdoVrThzs_JeoMQNgQ","file_unique_id":"AgADFBAAAl83aFY","file_size":14632},{"width":512,"height":512,"emoji":"😭","set_name":"czooc11","is_animated":false,"is_video":false,"type":"regular","thumbnail":{"file_id":"AAMCBQADFQABaJw-7ulW53DeJyfPpwI-YUI9zI8AAoEXAAJ-5mBWzOByoLAjNpMBAAdtAAM2BA","file_unique_id":"AQADgRcAAn7mYFZy","file_size":11440,"width":320,"height":320},"thumb":{"file_id":"AAMCBQADFQABaJw-7ulW53DeJyfPpwI-YUI9zI8AAoEXAAJ-5mBWzOByoLAjNpMBAAdtAAM2BA","file_unique_id":"AQADgRcAAn7mYFZy","file_size":11440,"width":320,"height":320},"file_id":"CAACAgUAAxUAAWicPu7pVudw3icnz6cCPmFCPcyPAAKBFwACfuZgVszgcqCwIzaTNgQ","file_unique_id":"AgADgRcAAn7mYFY","file_size":19446},{"width":512,"height":512,"emoji":"🔥","set_name":"czooc11","is_animated":false,"is_video":false,"type":"regular","thumbnail":{"file_id":"AAMCBQADFQABaJw-7ow50sSMrVHhcxkqUIXQ5QADSBEAAqWnaFYP_Yxxvcn_qQEAB20AAzYE","file_unique_id":"AQADSBEAAqWnaFZy","file_size":11104,"width":320,"height":320},"thumb":{"file_id":"AAMCBQADFQABaJw-7ow50sSMrVHhcxkqUIXQ5QADSBEAAqWnaFYP_Yxxvcn_qQEAB20AAzYE","file_unique_id":"AQADSBEAAqWnaFZy","file_size":11104,"width":320,"height":320},"file_id":"CAACAgUAAxUAAWicPu6MOdLEjK1R4XMZKlCF0OUAA0gRAAKlp2hWD_2Mcb3J_6k2BA","file_unique_id":"AgADSBEAAqWnaFY","file_size":21340},{"width":512,"height":512,"emoji":"😍","set_name":"czooc11","is_animated":false,"is_video":false,"type":"regular","thumbnail":{"file_id":"AAMCBQADFQABaJw-7kYXzSTGeCnvPFaoJGRjSm4AArMUAAL7jtlWReccMCCqZwQBAAdtAAM2BA","file_unique_id":"AQADsxQAAvuO2VZy","file_size":7966,"width":320,"height":320},"thumb":{"file_id":"AAMCBQADFQABaJw-7kYXzSTGeCnvPFaoJGRjSm4AArMUAAL7jtlWReccMCCqZwQBAAdtAAM2BA","file_unique_id":"AQADsxQAAvuO2VZy","file_size":7966,"width":320,"height":320},"file_id":"CAACAgUAAxUAAWicPu5GF80kxngp7zxWqCRkY0puAAKzFAAC-47ZVkXnHDAgqmcENgQ","file_unique_id":"AgADsxQAAvuO2VY","file_size":12834},{"width":512,"height":512,"emoji":"😍","set_name":"czooc11","is_animated":false,"is_video":false,"type":"regular","thumbnail":{"file_id":"AAMCBQADFQABaJw-7syGadXtVAHeLXsCMyL4oWYAAq0SAAIHqtlWlLb6Hg6Mn98BAAdtAAM2BA","file_unique_id":"AQADrRIAAgeq2VZy","file_size":7426,"width":320,"height":320},"thumb":{"file_id":"AAMCBQADFQABaJw-7syGadXtVAHeLXsCMyL4oWYAAq0SAAIHqtlWlLb6Hg6Mn98BAAdtAAM2BA","file_unique_id":"AQADrRIAAgeq2VZy","file_size":7426,"width":320,"height":320},"file_id":"CAACAgUAAxUAAWicPu7MhmnV7VQB3i17AjMi-KFmAAKtEgACB6rZVpS2-h4OjJ_fNgQ","file_unique_id":"AgADrRIAAgeq2VY","file_size":12726},{"width":512,"height":512,"emoji":"👀","set_name":"czooc11","is_animated":false,"is_video":false,"type":"regular","thumbnail":{"file_id":"AAMCBQADFQABaJw-7hpg2YlXcpJDRXddt1nnQ9wAAnUPAAKzrOhWu58JD32JgB8BAAdtAAM2BA","file_unique_id":"AQADdQ8AArOs6FZy","file_size":6274,"width":320,"height":320},"thumb":{"file_id":"AAMCBQADFQABaJw-7hpg2YlXcpJDRXddt1nnQ9wAAnUPAAKzrOhWu58JD32JgB8BAAdtAAM2BA","file_unique_id":"AQADdQ8AArOs6FZy","file_size":6274,"width":320,"height":320},"file_id":"CAACAgUAAxUAAWicPu4aYNmJV3KSQ0V3XbdZ50PcAAJ1DwACs6zoVrufCQ99iYAfNgQ","file_unique_id":"AgADdQ8AArOs6FY","file_size":12884},{"width":512,"height":512,"emoji":"👀","set_name":"czooc11","is_animated":false,"is_video":false,"type":"regular","thumbnail":{"file_id":"AAMCBQADFQABaJw-7qg8DkiVtPM8FtI1ah761wEAAjQUAAKu8ulW9hIDLO2DLH8BAAdtAAM2BA","file_unique_id":"AQADNBQAAq7y6VZy","file_size":9368,"width":320,"height":320},"thumb":{"file_id":"AAMCBQADFQABaJw-7qg8DkiVtPM8FtI1ah761wEAAjQUAAKu8ulW9hIDLO2DLH8BAAdtAAM2BA","file_unique_id":"AQADNBQAAq7y6VZy","file_size":9368,"width":320,"height":320},"file_id":"CAACAgUAAxUAAWicPu6oPA5IlbTzPBbSNWoe-tcBAAI0FAACrvLpVvYSAyztgyx_NgQ","file_unique_id":"AgADNBQAAq7y6VY","file_size":17962},{"width":512,"height":512,"emoji":"😊","set_name":"czooc11","is_animated":false,"is_video":false,"type":"regular","thumbnail":{"file_id":"AAMCBQADFQABaJw-7gOTC8fGUmHTUzLaHi92FgoAAuAVAAIuA-BWgtSQpYyzK-cBAAdtAAM2BA","file_unique_id":"AQAD4BUAAi4D4FZy","file_size":24536,"width":320,"height":320},"thumb":{"file_id":"AAMCBQADFQABaJw-7gOTC8fGUmHTUzLaHi92FgoAAuAVAAIuA-BWgtSQpYyzK-cBAAdtAAM2BA","file_unique_id":"AQAD4BUAAi4D4FZy","file_size":24536,"width":320,"height":320},"file_id":"CAACAgUAAxUAAWicPu4DkwvHxlJh01My2h4vdhYKAALgFQACLgPgVoLUkKWMsyvnNgQ","file_unique_id":"AgAD4BUAAi4D4FY","file_size":43700},{"width":512,"height":512,"emoji":"😋","set_name":"czooc11","is_animated":false,"is_video":false,"type":"regular","thumbnail":{"file_id":"AAMCBQADFQABaJw-7lqsiFvamDDgPaEX8iFSu7gAAiMVAAIqpeBWeDU_pSlVH2EBAAdtAAM2BA","file_unique_id":"AQADIxUAAiql4FZy","file_size":13836,"width":320,"height":320},"thumb":{"file_id":"AAMCBQADFQABaJw-7lqsiFvamDDgPaEX8iFSu7gAAiMVAAIqpeBWeDU_pSlVH2EBAAdtAAM2BA","file_unique_id":"AQADIxUAAiql4FZy","file_size":13836,"width":320,"height":320},"file_id":"CAACAgUAAxUAAWicPu5arIhb2pgw4D2hF_IhUru4AAIjFQACKqXgVng1P6UpVR9hNgQ","file_unique_id":"AgADIxUAAiql4FY","file_size":24876},{"width":512,"height":512,"emoji":"😈","set_name":"czooc11","is_animated":false,"is_video":false,"type":"regular","thumbnail":{"file_id":"AAMCBQADFQABaJw-7l_5QiT3ti9Y2VckXnFPhVMAAvQUAAIPs_BWjQIZcAJ_Vr0BAAdtAAM2BA","file_unique_id":"AQAD9BQAAg-z8FZy","file_size":11568,"width":320,"height":320},"thumb":{"file_id":"AAMCBQADFQABaJw-7l_5QiT3ti9Y2VckXnFPhVMAAvQUAAIPs_BWjQIZcAJ_Vr0BAAdtAAM2BA","file_unique_id":"AQAD9BQAAg-z8FZy","file_size":11568,"width":320,"height":320},"file_id":"CAACAgUAAxUAAWicPu5f-UIk97YvWNlXJF5xT4VTAAL0FAACD7PwVo0CGXACf1a9NgQ","file_unique_id":"AgAD9BQAAg-z8FY","file_size":19264},{"width":512,"height":512,"emoji":"🤨","set_name":"czooc11","is_animated":false,"is_video":false,"type":"regular","thumbnail":{"file_id":"AAMCBQADFQABaJw-7tF0VWGfz53Fwq4AARAeF0hgAAJ_FAACRMf5Vj1jlDYbuE-EAQAHbQADNgQ","file_unique_id":"AQADfxQAAkTH-VZy","file_size":8604,"width":320,"height":320},"thumb":{"file_id":"AAMCBQADFQABaJw-7tF0VWGfz53Fwq4AARAeF0hgAAJ_FAACRMf5Vj1jlDYbuE-EAQAHbQADNgQ","file_unique_id":"AQADfxQAAkTH-VZy","file_size":8604,"width":320,"height":320},"file_id":"CAACAgUAAxUAAWicPu7RdFVhn8-dxcKuAAEQHhdIYAACfxQAAkTH-VY9Y5Q2G7hPhDYE","file_unique_id":"AgADfxQAAkTH-VY","file_size":16712},{"width":512,"height":512,"emoji":"😍","set_name":"czooc11","is_animated":false,"is_video":false,"type":"regular","thumbnail":{"file_id":"AAMCBQADFQABaJw-7pdPMccyMJfNQfasczGu0LIAAiYVAALZHfhWLKIFaVJuwFMBAAdtAAM2BA","file_unique_id":"AQADJhUAAtkd-FZy","file_size":6232,"width":320,"height":320},"thumb":{"file_id":"AAMCBQADFQABaJw-7pdPMccyMJfNQfasczGu0LIAAiYVAALZHfhWLKIFaVJuwFMBAAdtAAM2BA","file_unique_id":"AQADJhUAAtkd-FZy","file_size":6232,"width":320,"height":320},"file_id":"CAACAgUAAxUAAWicPu6XTzHHMjCXzUH2rHMxrtCyAAImFQAC2R34ViyiBWlSbsBTNgQ","file_unique_id":"AgADJhUAAtkd-FY","file_size":10578},{"width":512,"height":512,"emoji":"🥰","set_name":"czooc11","is_animated":false,"is_video":false,"type":"regular","thumbnail":{"file_id":"AAMCBQADFQABaJw-7r50RhiX8zc3TPwx2tkxfaUAAs0UAAKaMhhXHTVw5IN8ZT8BAAdtAAM2BA","file_unique_id":"AQADzRQAApoyGFdy","file_size":12778,"width":320,"height":320},"thumb":{"file_id":"AAMCBQADFQABaJw-7r50RhiX8zc3TPwx2tkxfaUAAs0UAAKaMhhXHTVw5IN8ZT8BAAdtAAM2BA","file_unique_id":"AQADzRQAApoyGFdy","file_size":12778,"width":320,"height":320},"file_id":"CAACAgUAAxUAAWicPu6-dEYYl_M3N0z8MdrZMX2lAALNFAACmjIYVx01cOSDfGU_NgQ","file_unique_id":"AgADzRQAApoyGFc","file_size":24596},{"width":512,"height":512,"emoji":"🥲","set_name":"czooc11","is_animated":false,"is_video":false,"type":"regular","thumbnail":{"file_id":"AAMCBQADFQABaJw-7lLMRKaQ7_jr3BaGogZBdUMAAq4UAAJT4BlX7XpXfR4CQ1YBAAdtAAM2BA","file_unique_id":"AQADrhQAAlPgGVdy","file_size":12496,"width":320,"height":320},"thumb":{"file_id":"AAMCBQADFQABaJw-7lLMRKaQ7_jr3BaGogZBdUMAAq4UAAJT4BlX7XpXfR4CQ1YBAAdtAAM2BA","file_unique_id":"AQADrhQAAlPgGVdy","file_size":12496,"width":320,"height":320},"file_id":"CAACAgUAAxUAAWicPu5SzESmkO_469wWhqIGQXVDAAKuFAACU-AZV-16V30eAkNWNgQ","file_unique_id":"AgADrhQAAlPgGVc","file_size":22978},{"width":512,"height":512,"emoji":"😡","set_name":"czooc11","is_animated":false,"is_video":false,"type":"regular","thumbnail":{"file_id":"AAMCBQADFQABaJw-7iUvEFPQU9ZnWSRXebu3OHIAAksYAAJLxxlXhre6EXNjEAABAQAHbQADNgQ","file_unique_id":"AQADSxgAAkvHGVdy","file_size":14398,"width":320,"height":320},"thumb":{"file_id":"AAMCBQADFQABaJw-7iUvEFPQU9ZnWSRXebu3OHIAAksYAAJLxxlXhre6EXNjEAABAQAHbQADNgQ","file_unique_id":"AQADSxgAAkvHGVdy","file_size":14398,"width":320,"height":320},"file_id":"CAACAgUAAxUAAWicPu4lLxBT0FPWZ1kkV3m7tzhyAAJLGAACS8cZV4a3uhFzYxAAATYE","file_unique_id":"AgADSxgAAkvHGVc","file_size":24554},{"width":512,"height":512,"emoji":"😡","set_name":"czooc11","is_animated":false,"is_video":false,"type":"regular","thumbnail":{"file_id":"AAMCBQADFQABaJw-7pmY2R_U_CxpIZFitwY59EYAAigUAAJ7dBlXHVkwm2mLlOYBAAdtAAM2BA","file_unique_id":"AQADKBQAAnt0GVdy","file_size":9038,"width":320,"height":320},"thumb":{"file_id":"AAMCBQADFQABaJw-7pmY2R_U_CxpIZFitwY59EYAAigUAAJ7dBlXHVkwm2mLlOYBAAdtAAM2BA","file_unique_id":"AQADKBQAAnt0GVdy","file_size":9038,"width":320,"height":320},"file_id":"CAACAgUAAxUAAWicPu6ZmNkf1PwsaSGRYrcGOfRGAAIoFAACe3QZVx1ZMJtpi5TmNgQ","file_unique_id":"AgADKBQAAnt0GVc","file_size":15614},{"width":512,"height":512,"emoji":"😇","set_name":"czooc11","is_animated":false,"is_video":false,"type":"regular","thumbnail":{"file_id":"AAMCBQADFQABaJw-7oQ31Goi2-rHlviFui_wqskAAvASAAJ9wCFXyx4viny59IsBAAdtAAM2BA","file_unique_id":"AQAD8BIAAn3AIVdy","file_size":14694,"width":320,"height":320},"thumb":{"file_id":"AAMCBQADFQABaJw-7oQ31Goi2-rHlviFui_wqskAAvASAAJ9wCFXyx4viny59IsBAAdtAAM2BA","file_unique_id":"AQAD8BIAAn3AIVdy","file_size":14694,"width":320,"height":320},"file_id":"CAACAgUAAxUAAWicPu6EN9RqItvqx5b4hbov8KrJAALwEgACfcAhV8seL4p8ufSLNgQ","file_unique_id":"AgAD8BIAAn3AIVc","file_size":25810},{"width":512,"height":512,"emoji":"😇","set_name":"czooc11","is_animated":false,"is_video":false,"type":"regular","thumbnail":{"file_id":"AAMCBQADFQABaJw-7iW801jIfXchcxZxiFeCd-0AAn0QAAJJbCBXBUcBpzFnIpwBAAdtAAM2BA","file_unique_id":"AQADfRAAAklsIFdy","file_size":13504,"width":320,"height":320},"thumb":{"file_id":"AAMCBQADFQABaJw-7iW801jIfXchcxZxiFeCd-0AAn0QAAJJbCBXBUcBpzFnIpwBAAdtAAM2BA","file_unique_id":"AQADfRAAAklsIFdy","file_size":13504,"width":320,"height":320},"file_id":"CAACAgUAAxUAAWicPu4lvNNYyH13IXMWcYhXgnftAAJ9EAACSWwgVwVHAacxZyKcNgQ","file_unique_id":"AgADfRAAAklsIFc","file_size":23778},{"width":512,"height":512,"emoji":"😨","set_name":"czooc11","is_animated":false,"is_video":false,"type":"regular","thumbnail":{"file_id":"AAMCBQADFQABaJw-7hHt3xbheNFPxfP2LZHBEZwAApMSAAIHM5hXSY_eLalUP20BAAdtAAM2BA","file_unique_id":"AQADkxIAAgczmFdy","file_size":22162,"width":320,"height":320},"thumb":{"file_id":"AAMCBQADFQABaJw-7hHt3xbheNFPxfP2LZHBEZwAApMSAAIHM5hXSY_eLalUP20BAAdtAAM2BA","file_unique_id":"AQADkxIAAgczmFdy","file_size":22162,"width":320,"height":320},"file_id":"CAACAgUAAxUAAWicPu4R7d8W4XjRT8Xz9i2RwRGcAAKTEgACBzOYV0mP3i2pVD9tNgQ","file_unique_id":"AgADkxIAAgczmFc","file_size":38340},{"width":512,"height":512,"emoji":"😁","set_name":"czooc11","is_animated":false,"is_video":false,"type":"regular","thumbnail":{"file_id":"AAMCBQADFQABaJw-7vLe6JXicVtf0Gx08JIaSUYAAmoWAALxvplXRKLYVLg6zJIBAAdtAAM2BA","file_unique_id":"AQADahYAAvG-mVdy","file_size":15170,"width":320,"height":320},"thumb":{"file_id":"AAMCBQADFQABaJw-7vLe6JXicVtf0Gx08JIaSUYAAmoWAALxvplXRKLYVLg6zJIBAAdtAAM2BA","file_unique_id":"AQADahYAAvG-mVdy","file_size":15170,"width":320,"height":320},"file_id":"CAACAgUAAxUAAWicPu7y3uiV4nFbX9BsdPCSGklGAAJqFgAC8b6ZV0Si2FS4OsySNgQ","file_unique_id":"AgADahYAAvG-mVc","file_size":25266},{"width":512,"height":512,"emoji":"😊","set_name":"czooc11","is_animated":false,"is_video":false,"type":"regular","thumbnail":{"file_id":"AAMCBQADFQABaJw-7g5JmvhzI2HncknLRM2bkikAAs8QAAJuRZhXYY3GzTX_OJ8BAAdtAAM2BA","file_unique_id":"AQADzxAAAm5FmFdy","file_size":11070,"width":320,"height":320},"thumb":{"file_id":"AAMCBQADFQABaJw-7g5JmvhzI2HncknLRM2bkikAAs8QAAJuRZhXYY3GzTX_OJ8BAAdtAAM2BA","file_unique_id":"AQADzxAAAm5FmFdy","file_size":11070,"width":320,"height":320},"file_id":"CAACAgUAAxUAAWicPu4OSZr4cyNh53JJy0TNm5IpAALPEAACbkWYV2GNxs01_zifNgQ","file_unique_id":"AgADzxAAAm5FmFc","file_size":18886},{"width":512,"height":512,"emoji":"😁","set_name":"czooc11","is_animated":false,"is_video":false,"type":"regular","thumbnail":{"file_id":"AAMCBQADFQABaJw-7oXAguiFzyu8uOKrzX7rcKoAAhIVAAJAJ5hXvvGBlcZV9ikBAAdtAAM2BA","file_unique_id":"AQADEhUAAkAnmFdy","file_size":18988,"width":320,"height":320},"thumb":{"file_id":"AAMCBQADFQABaJw-7oXAguiFzyu8uOKrzX7rcKoAAhIVAAJAJ5hXvvGBlcZV9ikBAAdtAAM2BA","file_unique_id":"AQADEhUAAkAnmFdy","file_size":18988,"width":320,"height":320},"file_id":"CAACAgUAAxUAAWicPu6FwILohc8rvLjiq81-63CqAAISFQACQCeYV77xgZXGVfYpNgQ","file_unique_id":"AgADEhUAAkAnmFc","file_size":34030},{"width":512,"height":512,"emoji":"😨","set_name":"czooc11","is_animated":false,"is_video":false,"type":"regular","thumbnail":{"file_id":"AAMCBQADFQABaJw-7sIEQ7ewIGtEsINSGCaU_KIAAvkUAAJdTplX1A0sove3JsoBAAdtAAM2BA","file_unique_id":"AQAD-RQAAl1OmVdy","file_size":19482,"width":320,"height":320},"thumb":{"file_id":"AAMCBQADFQABaJw-7sIEQ7ewIGtEsINSGCaU_KIAAvkUAAJdTplX1A0sove3JsoBAAdtAAM2BA","file_unique_id":"AQAD-RQAAl1OmVdy","file_size":19482,"width":320,"height":320},"file_id":"CAACAgUAAxUAAWicPu7CBEO3sCBrRLCDUhgmlPyiAAL5FAACXU6ZV9QNLKL3tybKNgQ","file_unique_id":"AgAD-RQAAl1OmVc","file_size":35864},{"width":512,"height":512,"emoji":"😊","set_name":"czooc11","is_animated":false,"is_video":false,"type":"regular","thumbnail":{"file_id":"AAMCBQADFQABaJw-7rYGGDC4lg8biQABGOXQptkwAAIrFAACddyYV4e-CYILbDFfAQAHbQADNgQ","file_unique_id":"AQADKxQAAnXcmFdy","file_size":14310,"width":320,"height":320},"thumb":{"file_id":"AAMCBQADFQABaJw-7rYGGDC4lg8biQABGOXQptkwAAIrFAACddyYV4e-CYILbDFfAQAHbQADNgQ","file_unique_id":"AQADKxQAAnXcmFdy","file_size":14310,"width":320,"height":320},"file_id":"CAACAgUAAxUAAWicPu62BhgwuJYPG4kAARjl0KbZMAACKxQAAnXcmFeHvgmCC2wxXzYE","file_unique_id":"AgADKxQAAnXcmFc","file_size":24600},{"width":512,"height":512,"emoji":"🥰","set_name":"czooc11","is_animated":false,"is_video":false,"type":"regular","thumbnail":{"file_id":"AAMCBQADFQABaJw-7vn-dqXWl-2qLFW9ziofxuMAAgQVAAL0OLlXl_koumWvh-sBAAdtAAM2BA","file_unique_id":"AQADBBUAAvQ4uVdy","file_size":17566,"width":320,"height":320},"thumb":{"file_id":"AAMCBQADFQABaJw-7vn-dqXWl-2qLFW9ziofxuMAAgQVAAL0OLlXl_koumWvh-sBAAdtAAM2BA","file_unique_id":"AQADBBUAAvQ4uVdy","file_size":17566,"width":320,"height":320},"file_id":"CAACAgUAAxUAAWicPu75_nal1pftqixVvc4qH8bjAAIEFQAC9Di5V5f5KLplr4frNgQ","file_unique_id":"AgADBBUAAvQ4uVc","file_size":34360},{"width":512,"height":512,"emoji":"🥲","set_name":"czooc11","is_animated":false,"is_video":false,"type":"regular","thumbnail":{"file_id":"AAMCBQADFQABaJw-7pADoO2I2M_5rr8tgBBI7V4AAhcUAAKt9LBXpELksnmKhREBAAdtAAM2BA","file_unique_id":"AQADFxQAAq30sFdy","file_size":21160,"width":320,"height":320},"thumb":{"file_id":"AAMCBQADFQABaJw-7pADoO2I2M_5rr8tgBBI7V4AAhcUAAKt9LBXpELksnmKhREBAAdtAAM2BA","file_unique_id":"AQADFxQAAq30sFdy","file_size":21160,"width":320,"height":320},"file_id":"CAACAgUAAxUAAWicPu6QA6DtiNjP-a6_LYAQSO1eAAIXFAACrfSwV6RC5LJ5ioURNgQ","file_unique_id":"AgADFxQAAq30sFc","file_size":41916},{"width":512,"height":512,"emoji":"😇","set_name":"czooc11","is_animated":false,"is_video":false,"type":"regular","thumbnail":{"file_id":"AAMCBQADFQABaJw-7kQX_m4Km7bkLZG6XeltqQUAAqUTAAIW2blXq1W9Ao1XRBEBAAdtAAM2BA","file_unique_id":"AQADpRMAAhbZuVdy","file_size":18954,"width":320,"height":320},"thumb":{"file_id":"AAMCBQADFQABaJw-7kQX_m4Km7bkLZG6XeltqQUAAqUTAAIW2blXq1W9Ao1XRBEBAAdtAAM2BA","file_unique_id":"AQADpRMAAhbZuVdy","file_size":18954,"width":320,"height":320},"file_id":"CAACAgUAAxUAAWicPu5EF_5uCpu25C2Rul3pbakFAAKlEwACFtm5V6tVvQKNV0QRNgQ","file_unique_id":"AgADpRMAAhbZuVc","file_size":33210},{"width":512,"height":512,"emoji":"😇","set_name":"czooc11","is_animated":false,"is_video":false,"type":"regular","thumbnail":{"file_id":"AAMCBQADFQABaJw-7j-69s8RUFQKoHi3NRpUiOEAAj4UAAKnncFXxhj4t3h1HXEBAAdtAAM2BA","file_unique_id":"AQADPhQAAqedwVdy","file_size":7288,"width":320,"height":320},"thumb":{"file_id":"AAMCBQADFQABaJw-7j-69s8RUFQKoHi3NRpUiOEAAj4UAAKnncFXxhj4t3h1HXEBAAdtAAM2BA","file_unique_id":"AQADPhQAAqedwVdy","file_size":7288,"width":320,"height":320},"file_id":"CAACAgUAAxUAAWicPu4_uvbPEVBUCqB4tzUaVIjhAAI-FAACp53BV8YY-Ld4dR1xNgQ","file_unique_id":"AgADPhQAAqedwVc","file_size":12072},{"width":402,"height":512,"emoji":"🌟","set_name":"czooc11","is_animated":false,"is_video":true,"type":"regular","thumbnail":{"file_id":"AAMCBQADFQABaJw-7rZfOhYLE382ByDQaJ_8VPsAAlUPAAIVS_FXOGOho77dguYBAAdtAAM2BA","file_unique_id":"AQADVQ8AAhVL8Vdy","file_size":5934,"width":251,"height":320},"thumb":{"file_id":"AAMCBQADFQABaJw-7rZfOhYLE382ByDQaJ_8VPsAAlUPAAIVS_FXOGOho77dguYBAAdtAAM2BA","file_unique_id":"AQADVQ8AAhVL8Vdy","file_size":5934,"width":251,"height":320},"file_id":"CAACAgUAAxUAAWicPu62XzoWCxN_Ngcg0Gif_FT7AAJVDwACFUvxVzhjoaO-3YLmNgQ","file_unique_id":"AgADVQ8AAhVL8Vc","file_size":50085},{"width":512,"height":512,"emoji":"😍","set_name":"czooc11","is_animated":false,"is_video":false,"type":"regular","thumbnail":{"file_id":"AAMCBQADFQABaJw-7gzjxtvejNG6Mf1zIld3Dj8AAngUAAKDfyFUmHhlsp2C4ZQBAAdtAAM2BA","file_unique_id":"AQADeBQAAoN_IVRy","file_size":9564,"width":320,"height":320},"thumb":{"file_id":"AAMCBQADFQABaJw-7gzjxtvejNG6Mf1zIld3Dj8AAngUAAKDfyFUmHhlsp2C4ZQBAAdtAAM2BA","file_unique_id":"AQADeBQAAoN_IVRy","file_size":9564,"width":320,"height":320},"file_id":"CAACAgUAAxUAAWicPu4M48bb3ozRujH9cyJXdw4_AAJ4FAACg38hVJh4ZbKdguGUNgQ","file_unique_id":"AgADeBQAAoN_IVQ","file_size":18564},{"width":512,"height":512,"emoji":"😁","set_name":"czooc11","is_animated":false,"is_video":false,"type":"regular","thumbnail":{"file_id":"AAMCBQADFQABaJw-7trbt2RDiRRGWxpRguz7t98AAksUAALcm7hUsd01RMot5DABAAdtAAM2BA","file_unique_id":"AQADSxQAAtybuFRy","file_size":12216,"width":320,"height":320},"thumb":{"file_id":"AAMCBQADFQABaJw-7trbt2RDiRRGWxpRguz7t98AAksUAALcm7hUsd01RMot5DABAAdtAAM2BA","file_unique_id":"AQADSxQAAtybuFRy","file_size":12216,"width":320,"height":320},"file_id":"CAACAgUAAxUAAWicPu7a27dkQ4kURlsaUYLs-7ffAAJLFAAC3Ju4VLHdNUTKLeQwNgQ","file_unique_id":"AgADSxQAAtybuFQ","file_size":22418},{"width":512,"height":512,"emoji":"🤣","set_name":"czooc11","is_animated":false,"is_video":false,"type":"regular","thumbnail":{"file_id":"AAMCBQADFQABaJw-7iPD__NbvYfohNRaij9_nPAAAhIUAAK2U7lUOLwoxzXwzcIBAAdtAAM2BA","file_unique_id":"AQADEhQAArZTuVRy","file_size":6092,"width":320,"height":320},"thumb":{"file_id":"AAMCBQADFQABaJw-7iPD__NbvYfohNRaij9_nPAAAhIUAAK2U7lUOLwoxzXwzcIBAAdtAAM2BA","file_unique_id":"AQADEhQAArZTuVRy","file_size":6092,"width":320,"height":320},"file_id":"CAACAgUAAxUAAWicPu4jw__zW72H6ITUWoo_f5zwAAISFAACtlO5VDi8KMc18M3CNgQ","file_unique_id":"AgADEhQAArZTuVQ","file_size":10128},{"width":512,"height":512,"emoji":"😡","set_name":"czooc11","is_animated":false,"is_video":true,"type":"regular","thumbnail":{"file_id":"AAMCBQADFQABaJw-7pMPySmUu2dnKcndLj8-id0AAmMaAAIBReBUjhh2PdFuxp0BAAdtAAM2BA","file_unique_id":"AQADYxoAAgFF4FRy","file_size":8884,"width":320,"height":320},"thumb":{"file_id":"AAMCBQADFQABaJw-7pMPySmUu2dnKcndLj8-id0AAmMaAAIBReBUjhh2PdFuxp0BAAdtAAM2BA","file_unique_id":"AQADYxoAAgFF4FRy","file_size":8884,"width":320,"height":320},"file_id":"CAACAgUAAxUAAWicPu6TD8kplLtnZynJ3S4_PondAAJjGgACAUXgVI4Ydj3RbsadNgQ","file_unique_id":"AgADYxoAAgFF4FQ","file_size":84162},{"width":512,"height":512,"emoji":"🌟","set_name":"czooc11","is_animated":false,"is_video":true,"type":"regular","thumbnail":{"file_id":"AAMCBQADFQABaJw-7luh-ThXW5efyX0fXL2m2ysAAroUAALWc9hUTaoN5u3P4jQBAAdtAAM2BA","file_unique_id":"AQADuhQAAtZz2FRy","file_size":14872,"width":320,"height":320},"thumb":{"file_id":"AAMCBQADFQABaJw-7luh-ThXW5efyX0fXL2m2ysAAroUAALWc9hUTaoN5u3P4jQBAAdtAAM2BA","file_unique_id":"AQADuhQAAtZz2FRy","file_size":14872,"width":320,"height":320},"file_id":"CAACAgUAAxUAAWicPu5bofk4V1uXn8l9H1y9ptsrAAK6FAAC1nPYVE2qDebtz-I0NgQ","file_unique_id":"AgADuhQAAtZz2FQ","file_size":131981},{"width":447,"height":512,"emoji":"🤓","set_name":"czooc11","is_animated":false,"is_video":false,"type":"regular","thumbnail":{"file_id":"AAMCBQADFQABaJw-7vwMZc6QJrNjLBgWbRA28LoAAm4TAAKfR9hU97G5Iajx_pEBAAdtAAM2BA","file_unique_id":"AQADbhMAAp9H2FRy","file_size":11362,"width":279,"height":320},"thumb":{"file_id":"AAMCBQADFQABaJw-7vwMZc6QJrNjLBgWbRA28LoAAm4TAAKfR9hU97G5Iajx_pEBAAdtAAM2BA","file_unique_id":"AQADbhMAAp9H2FRy","file_size":11362,"width":279,"height":320},"file_id":"CAACAgUAAxUAAWicPu78DGXOkCazYywYFm0QNvC6AAJuEwACn0fYVPexuSGo8f6RNgQ","file_unique_id":"AgADbhMAAp9H2FQ","file_size":20498},{"width":512,"height":512,"emoji":"🤔","set_name":"czooc11","is_animated":false,"is_video":true,"type":"regular","thumbnail":{"file_id":"AAMCBQADFQABaJw-7uFnLvJ5BfzQbXmE8hH_-z0AAvkTAAJ-weFUNXeqW2cNr3oBAAdtAAM2BA","file_unique_id":"AQAD-RMAAn7B4VRy","file_size":20824,"width":320,"height":320},"thumb":{"file_id":"AAMCBQADFQABaJw-7uFnLvJ5BfzQbXmE8hH_-z0AAvkTAAJ-weFUNXeqW2cNr3oBAAdtAAM2BA","file_unique_id":"AQAD-RMAAn7B4VRy","file_size":20824,"width":320,"height":320},"file_id":"CAACAgUAAxUAAWicPu7hZy7yeQX80G15hPIR__s9AAL5EwACfsHhVDV3qltnDa96NgQ","file_unique_id":"AgAD-RMAAn7B4VQ","file_size":204123},{"width":512,"height":512,"emoji":"🍬","set_name":"czooc11","is_animated":false,"is_video":false,"type":"regular","thumbnail":{"file_id":"AAMCBQADFQABaJw-7tq-P-XqXvevhgO2lntllGUAAgkWAALt6-FUc93_6L6AZVcBAAdtAAM2BA","file_unique_id":"AQADCRYAAu3r4VRy","file_size":9432,"width":320,"height":320},"thumb":{"file_id":"AAMCBQADFQABaJw-7tq-P-XqXvevhgO2lntllGUAAgkWAALt6-FUc93_6L6AZVcBAAdtAAM2BA","file_unique_id":"AQADCRYAAu3r4VRy","file_size":9432,"width":320,"height":320},"file_id":"CAACAgUAAxUAAWicPu7avj_l6l73r4YDtpZ7ZZRlAAIJFgAC7evhVHPd_-i-gGVXNgQ","file_unique_id":"AgADCRYAAu3r4VQ","file_size":16428},{"width":512,"height":512,"emoji":"🌟","set_name":"czooc11","is_animated":false,"is_video":true,"type":"regular","thumbnail":{"file_id":"AAMCBQADFQABaJw-7qb0eAPZfk4blj1aC50mAUcAAsMTAAIyw-BUo7FHq2MFjEoBAAdtAAM2BA","file_unique_id":"AQADwxMAAjLD4FRy","file_size":7686,"width":320,"height":320},"thumb":{"file_id":"AAMCBQADFQABaJw-7qb0eAPZfk4blj1aC50mAUcAAsMTAAIyw-BUo7FHq2MFjEoBAAdtAAM2BA","file_unique_id":"AQADwxMAAjLD4FRy","file_size":7686,"width":320,"height":320},"file_id":"CAACAgUAAxUAAWicPu6m9HgD2X5OG5Y9WgudJgFHAALDEwACMsPgVKOxR6tjBYxKNgQ","file_unique_id":"AgADwxMAAjLD4FQ","file_size":15879},{"width":512,"height":512,"emoji":"🌟","set_name":"czooc11","is_animated":false,"is_video":true,"type":"regular","thumbnail":{"file_id":"AAMCBQADFQABaJw-7vu6Yj4ar7JwvUKteis9jEcAAiYVAAJ619lU8FdMbVYtZ_oBAAdtAAM2BA","file_unique_id":"AQADJhUAAnrX2VRy","file_size":7950,"width":320,"height":320},"thumb":{"file_id":"AAMCBQADFQABaJw-7vu6Yj4ar7JwvUKteis9jEcAAiYVAAJ619lU8FdMbVYtZ_oBAAdtAAM2BA","file_unique_id":"AQADJhUAAnrX2VRy","file_size":7950,"width":320,"height":320},"file_id":"CAACAgUAAxUAAWicPu77umI-Gq-ycL1CrXorPYxHAAImFQACetfZVPBXTG1WLWf6NgQ","file_unique_id":"AgADJhUAAnrX2VQ","file_size":21181},{"width":512,"height":512,"emoji":"🌟","set_name":"czooc11","is_animated":false,"is_video":true,"type":"regular","thumbnail":{"file_id":"AAMCBQADFQABaJw-7nQ0I36DKf0R2P2fvc1mzfYAAkoYAAKphuFUJG2-RYZcHsIBAAdtAAM2BA","file_unique_id":"AQADShgAAqmG4VRy","file_size":6750,"width":320,"height":320},"thumb":{"file_id":"AAMCBQADFQABaJw-7nQ0I36DKf0R2P2fvc1mzfYAAkoYAAKphuFUJG2-RYZcHsIBAAdtAAM2BA","file_unique_id":"AQADShgAAqmG4VRy","file_size":6750,"width":320,"height":320},"file_id":"CAACAgUAAxUAAWicPu50NCN-gyn9Edj9n73NZs32AAJKGAACqYbhVCRtvkWGXB7CNgQ","file_unique_id":"AgADShgAAqmG4VQ","file_size":57539},{"width":512,"height":512,"emoji":"🌟","set_name":"czooc11","is_animated":false,"is_video":true,"type":"regular","thumbnail":{"file_id":"AAMCBQADFQABaJw-7o4xXnOP1qL21LLI5xSQOTYAAp8RAAKeotlUtoHrEK_AnPUBAAdtAAM2BA","file_unique_id":"AQADnxEAAp6i2VRy","file_size":12454,"width":320,"height":320},"thumb":{"file_id":"AAMCBQADFQABaJw-7o4xXnOP1qL21LLI5xSQOTYAAp8RAAKeotlUtoHrEK_AnPUBAAdtAAM2BA","file_unique_id":"AQADnxEAAp6i2VRy","file_size":12454,"width":320,"height":320},"file_id":"CAACAgUAAxUAAWicPu6OMV5zj9ai9tSyyOcUkDk2AAKfEQACnqLZVLaB6xCvwJz1NgQ","file_unique_id":"AgADnxEAAp6i2VQ","file_size":43517},{"width":512,"height":467,"emoji":"🐱","set_name":"czooc11","is_animated":false,"is_video":true,"type":"regular","thumbnail":{"file_id":"AAMCBQADFQABaJw-7h26MzsUnLYf8ozkqyAgXf0AAk4XAALiG9lUHo57bGTV5wkBAAdtAAM2BA","file_unique_id":"AQADThcAAuIb2VRy","file_size":6670,"width":320,"height":292},"thumb":{"file_id":"AAMCBQADFQABaJw-7h26MzsUnLYf8ozkqyAgXf0AAk4XAALiG9lUHo57bGTV5wkBAAdtAAM2BA","file_unique_id":"AQADThcAAuIb2VRy","file_size":6670,"width":320,"height":292},"file_id":"CAACAgUAAxUAAWicPu4dujM7FJy2H_KM5KsgIF39AAJOFwAC4hvZVB6Oe2xk1ecJNgQ","file_unique_id":"AgADThcAAuIb2VQ","file_size":35920},{"width":512,"height":512,"emoji":"🍬","set_name":"czooc11","is_animated":false,"is_video":false,"type":"regular","thumbnail":{"file_id":"AAMCBQADFQABaJw-7jiHMNAZho9Dg7BalwMMxF0AAnUUAAImO-hU43lgv-OClQ0BAAdtAAM2BA","file_unique_id":"AQADdRQAAiY76FRy","file_size":13734,"width":320,"height":320},"thumb":{"file_id":"AAMCBQADFQABaJw-7jiHMNAZho9Dg7BalwMMxF0AAnUUAAImO-hU43lgv-OClQ0BAAdtAAM2BA","file_unique_id":"AQADdRQAAiY76FRy","file_size":13734,"width":320,"height":320},"file_id":"CAACAgUAAxUAAWicPu44hzDQGYaPQ4OwWpcDDMRdAAJ1FAACJjvoVON5YL_jgpUNNgQ","file_unique_id":"AgADdRQAAiY76FQ","file_size":26614},{"width":512,"height":512,"emoji":"🐔","set_name":"czooc11","is_animated":false,"is_video":false,"type":"regular","thumbnail":{"file_id":"AAMCBQADFQABaJw-7vl2fLskKuA1h5hHLLI04L4AAi0UAALO6xhVv1W0kPSB85oBAAdtAAM2BA","file_unique_id":"AQADLRQAAs7rGFVy","file_size":7478,"width":320,"height":320},"thumb":{"file_id":"AAMCBQADFQABaJw-7vl2fLskKuA1h5hHLLI04L4AAi0UAALO6xhVv1W0kPSB85oBAAdtAAM2BA","file_unique_id":"AQADLRQAAs7rGFVy","file_size":7478,"width":320,"height":320},"file_id":"CAACAgUAAxUAAWicPu75dny7JCrgNYeYRyyyNOC-AAItFAACzusYVb9VtJD0gfOaNgQ","file_unique_id":"AgADLRQAAs7rGFU","file_size":12680},{"width":512,"height":512,"emoji":"🥰","set_name":"czooc11","is_animated":false,"is_video":false,"type":"regular","thumbnail":{"file_id":"AAMCBQADFQABaJw-7lBJGildmX0aN4g8CtS47ksAAqIUAAKz01lWLvV15dyB4koBAAdtAAM2BA","file_unique_id":"AQADohQAArPTWVZy","file_size":13132,"width":320,"height":320},"thumb":{"file_id":"AAMCBQADFQABaJw-7lBJGildmX0aN4g8CtS47ksAAqIUAAKz01lWLvV15dyB4koBAAdtAAM2BA","file_unique_id":"AQADohQAArPTWVZy","file_size":13132,"width":320,"height":320},"file_id":"CAACAgUAAxUAAWicPu5QSRopXZl9GjeIPArUuO5LAAKiFAACs9NZVi71deXcgeJKNgQ","file_unique_id":"AgADohQAArPTWVY","file_size":24462},{"width":512,"height":512,"emoji":"❤","set_name":"czooc11","is_animated":false,"is_video":false,"type":"regular","thumbnail":{"file_id":"AAMCBQADFQABaJw-7mDHawF2BdpH-ayG5HlYukoAAuQWAAKYOVhWY6gcQ5X3QT8BAAdtAAM2BA","file_unique_id":"AQAD5BYAApg5WFZy","file_size":10182,"width":320,"height":320},"thumb":{"file_id":"AAMCBQADFQABaJw-7mDHawF2BdpH-ayG5HlYukoAAuQWAAKYOVhWY6gcQ5X3QT8BAAdtAAM2BA","file_unique_id":"AQAD5BYAApg5WFZy","file_size":10182,"width":320,"height":320},"file_id":"CAACAgUAAxUAAWicPu5gx2sBdgXaR_mshuR5WLpKAALkFgACmDlYVmOoHEOV90E_NgQ","file_unique_id":"AgAD5BYAApg5WFY","file_size":18564},{"width":512,"height":512,"emoji":"😇","set_name":"czooc11","is_animated":false,"is_video":false,"type":"regular","thumbnail":{"file_id":"AAMCBQADFQABaJw-7rwWgwoZYrFCtnRgcGRoM8YAArgWAAIkF1hW5SE-WfJwMUQBAAdtAAM2BA","file_unique_id":"AQADuBYAAiQXWFZy","file_size":9986,"width":320,"height":320},"thumb":{"file_id":"AAMCBQADFQABaJw-7rwWgwoZYrFCtnRgcGRoM8YAArgWAAIkF1hW5SE-WfJwMUQBAAdtAAM2BA","file_unique_id":"AQADuBYAAiQXWFZy","file_size":9986,"width":320,"height":320},"file_id":"CAACAgUAAxUAAWicPu68FoMKGWKxQrZ0YHBkaDPGAAK4FgACJBdYVuUhPlnycDFENgQ","file_unique_id":"AgADuBYAAiQXWFY","file_size":16502},{"width":512,"height":512,"emoji":"😇","set_name":"czooc11","is_animated":false,"is_video":false,"type":"regular","thumbnail":{"file_id":"AAMCBQADFQABaJw-7qZKMMZt-_fgbNDjRc0WbKYAAloUAAJTVVhWL4LH8vbA2s0BAAdtAAM2BA","file_unique_id":"AQADWhQAAlNVWFZy","file_size":16072,"width":320,"height":320},"thumb":{"file_id":"AAMCBQADFQABaJw-7qZKMMZt-_fgbNDjRc0WbKYAAloUAAJTVVhWL4LH8vbA2s0BAAdtAAM2BA","file_unique_id":"AQADWhQAAlNVWFZy","file_size":16072,"width":320,"height":320},"file_id":"CAACAgUAAxUAAWicPu6mSjDGbfv34GzQ40XNFmymAAJaFAACU1VYVi-Cx_L2wNrNNgQ","file_unique_id":"AgADWhQAAlNVWFY","file_size":28902},{"width":512,"height":512,"emoji":"😁","set_name":"czooc11","is_animated":false,"is_video":false,"type":"regular","thumbnail":{"file_id":"AAMCBQADFQABaJw-7mnW5P3hY4eETiDdCheBN30AAnsRAAI9YGBW0JcBDwso41YBAAdtAAM2BA","file_unique_id":"AQADexEAAj1gYFZy","file_size":8108,"width":320,"height":320},"thumb":{"file_id":"AAMCBQADFQABaJw-7mnW5P3hY4eETiDdCheBN30AAnsRAAI9YGBW0JcBDwso41YBAAdtAAM2BA","file_unique_id":"AQADexEAAj1gYFZy","file_size":8108,"width":320,"height":320},"file_id":"CAACAgUAAxUAAWicPu5p1uT94WOHhE4g3QoXgTd9AAJ7EQACPWBgVtCXAQ8LKONWNgQ","file_unique_id":"AgADexEAAj1gYFY","file_size":15046},{"width":512,"height":512,"emoji":"😇","set_name":"czooc11","is_animated":false,"is_video":false,"type":"regular","thumbnail":{"file_id":"AAMCBQADFQABaJw-7qSeHPpbP5Hhr1rn6zb8cAADUhgAAjejWFYQJAwYl60AAUEBAAdtAAM2BA","file_unique_id":"AQADUhgAAjejWFZy","file_size":8406,"width":320,"height":320},"thumb":{"file_id":"AAMCBQADFQABaJw-7qSeHPpbP5Hhr1rn6zb8cAADUhgAAjejWFYQJAwYl60AAUEBAAdtAAM2BA","file_unique_id":"AQADUhgAAjejWFZy","file_size":8406,"width":320,"height":320},"file_id":"CAACAgUAAxUAAWicPu6knhz6Wz-R4a9a5-s2_HAAA1IYAAI3o1hWECQMGJetAAFBNgQ","file_unique_id":"AgADUhgAAjejWFY","file_size":15464}]}
